sku_name,sales_2021,sales_2022,sales_difference
shahi_buy one get one free Shahi Dal Moong,240,0,-240
RS_Plain Rusk,160,0,-160
RB_Dettol Germ Busting Kit-bf,200,50,-150
RB_Household Bundle,133,0,-133
CK_BF530-Underwear-Pack of 3-XL,119,0,-119
vitamin_TVC-BB Cream (Buy 2 Get Kojic Facewash Free,99,0,-99
RS_Baklawa 500gm,107,18,-89
RS_Honey Dry Fruit Halwa,52,0,-52
Adolphs_TT-1-Black-S,50,0,-50
CA_shirt-Small,50,0,-50
jn_900g,59,10,-49
RS_Soan Papri-250gm,51,7,-44
samsungGALAXY S-7 EDGE 32GB LTE,41,0,-41
Posh_CS0073-17,38,0,-38
Topline_Waheed Murad His Life and Our Times,46,10,-36
Lenovo Zuk,35,0,-35
Mardaz_MDZ-P-18-M,34,0,-34
RS_Chum Chum Tin,29,0,-29
RS_Habshi Halwa Tin,27,0,-27
Javaid_Nihari_with_7up,26,0,-26
vitamin_Ultra Creatine,26,2,-24
Dawlance_MD 10 + DWB 600,23,0,-23
Huawei Mate 8 With 4GB Ram,22,0,-22
HR_Soan Papdi 500g,21,0,-21
Huawei P8 lite,21,0,-21
RS_Kaju Barfi,34,13,-21
Telemall_MM-DR-HB-L,23,2,-21
TTmachine_pakistan05-M,20,0,-20
iu_Tickets General Enclosure-Islamabad,20,0,-20
Harry Potter and The Cursed Child-Hazir-Karachi,19,0,-19
MDF 018_Ajwa Dates 250 gm,19,1,-18
cr_CASHEW NUT PLAIN-500 GM,22,5,-17
BB_bundle_bf,17,1,-16
iPhone SE-16GB,16,0,-16
PNG_Pampers_10003452-Karachi,15,0,-15
West Point_WF-7901GL,15,0,-15
liberty_9780751565355,15,0,-15
samsungGALAXY J510F-2016 DS LTE,15,0,-15
trzwus_76111120200000_WN16-07(B,15,0,-15
Al Muhafiz Sohan Halwa Cashew,20,6,-14
Al Muhafiz Sohan Halwa Walnut,15,1,-14
Apple iPhone 6S Plus 16GB Silver,20,6,-14
Audionic_B-880,14,0,-14
adenwala_Deal No.3,14,0,-14
Al Muhafiz Sohan Halwa Almond,53,40,-13
ISn 100% Whey Protein Chocolate,24,11,-13
RS_Rehmat-e-Shereen Mix Mithai,13,0,-13
cr_PISTA PLAIN-500 GM,16,3,-13
emart_00-7,20,7,-13
Apple iPhone 6 Plus (128GB,12,0,-12
Apple iPhone 6S 128GB,12,0,-12
Changhong Ruba_32 Inches Black HD Ready LED TV - 32E3600,12,0,-12
GMZV_PlayStation 4 - 500GB - Region 2 - UK PAL - Black,16,4,-12
Karak_Honey 1 Kg,12,0,-12
UK_Sohan Halwa Tin Pack 400 Gms,12,0,-12
greenroot_Natural Khawa tea 50gm,12,0,-12
lenovo_80J2021CUE,12,0,-12
ARY Jewellers_1 Gram Millat Gold Coin --Karachi,11,0,-11
Apple iPhone 6 (128GB,11,0,-11
BO_shovel-truck-orange,13,2,-11
HP P1102 - White_18,11,0,-11
Huawei_P9 PLUS,11,0,-11
cr_ALMOND PLAIN-500 GM,12,1,-11
cr_CASHEW NUT ROASTED-500 GM,16,5,-11
Apple iPhone 6 (64GB,10,0,-10
Apple iPhone 6S Plus 16GB,10,0,-10
Changhong Ruba 32 Inches D4000i Smart LED,10,0,-10
Dany6-954217-555652,10,0,-10
Haier_HRF-305,10,0,-10
M&M_Deal 2,10,0,-10
RS_Double Delight,14,4,-10
Rajesh_RAJ76,11,1,-10
Sapphire_US0421,10,0,-10
dawlance_Health Zone Plus 30 - 1.5 Ton Air Conditioner,10,0,-10
sg_Combo BF-07,10,0,-10
shahi_Pack of 5 Shahi Nimco,10,0,-10
yankee_5038500008357,10,0,-10
Haier_LE 42B8000,9,0,-9
R&I_eInverter Series 18000BTU,9,0,-9
Trans2_LW 999 ,9,0,-9
iPhone 5s 16gb+Getiit Joy Band_bundle,9,0,-9
kansai_NeverWet,10,1,-9
Apple iPhone 6 Plus (64GB,8,0,-8
Eco Star_32U557,8,0,-8
Hawks_A22,8,0,-8
Mardaz_EN6YGNAF-green-M,8,0,-8
Paramount_9781910561324,9,1,-8
closecomfort_PC8,13,5,-8
emart_Nova Straightener + Curler,8,0,-8
greenroot_Fit Aura 7,8,0,-8
redspot_9789696230113,8,0,-8
stinnos_1825,8,0,-8
vitamin_Vita White,8,0,-8
xenium_RFC-20164,8,0,-8
Aladdin_Vision 10000 - Tape Bat - Beige,7,0,-7
Apple iPhone 6S 64GB,7,0,-7
BO_funballs-CR-100,7,0,-7
Infinix Hot S Hazir-Gold-Karachi,7,0,-7
PS4_Slim-500GB,9,2,-7
RS_Sohan Halwa_Tin-1000 GM,7,0,-7
RT-04-Grey&black-Double Duvet Cover Sheet Set-7 pcs,7,0,-7
UK_Habshi Halwa Tin Pack 400 Gms,7,0,-7
cr_AJWA DATES (400 GM,14,7,-7
emart_00-1,9,2,-7
majestic_15 Pieces Cookware Set,7,0,-7
samsung_32J4100,7,0,-7
sindbad_Sindbad Gift Card-3,7,0,-7
Apple iPhone 6S Plus 64GB,6,0,-6
BFV_Black Friday voucher Rs  2000,6,0,-6
CITY_Pajama-15 yrs - above - Size 44 ,6,0,-6
Chk_Green Chilli Pickle 300 gms with Free Mix Pickle 300 gms,6,0,-6
HR_Bhujia 200g,6,0,-6
ISn 100% Whey Protein - Pack of 2,6,0,-6
Life source_YD-24,8,2,-6
MDF 002_Pistachios Salted 250 gm,8,2,-6
MORG_GCS 27,6,0,-6
Mochi_MB-809-BL-32,6,0,-6
RUB_Kingston_16 gb USB Flash drive,6,0,-6
bed&rest_S7,6,0,-6
emarthazir_BBQ Pro Kit-Karachi,6,0,-6
kkc_Areej King Air Freshener,6,0,-6
lenovo_20EV0002UE,6,0,-6
lenovo_80J2001AUE,6,0,-6
samsungGALAXY S-7 32GB LTE,6,0,-6
Am-PTV_ATS-004-M,5,0,-5
AmanJee_PB001,5,0,-5
Fmate_Delhi Shahi Nehari (Boneless,5,0,-5
Gmart_Sport Heart Rate Bracele 1,5,0,-5
HR_Hara Chiwda 200g,5,0,-5
Honda_BikeCD70-Red,5,0,-5
JBS_IFAM-007,5,0,-5
Karak_Honey 1 Kg_discounted,5,0,-5
MDF 001_Almonds (American,5,0,-5
Mardaz_3green-Multicolor-XL,5,0,-5
Nvite for Fair Skin No Makeup Face Perfecting Palette,13,8,-5
PNG_Always_10000153-Lahore,5,0,-5
PNG_Pampers_10003449-Karachi,5,0,-5
PNG_Pampers_10004047-Lahore,5,0,-5
R&I_Generator 2.5KVG,5,0,-5
Samsung GALAXY NOTE-5,5,0,-5
Samsung Galaxy A5 A510F (2016,5,0,-5
Tmall_MM-DR-MK,5,0,-5
Vouch 365 2016,5,0,-5
cr_PUMPKIN SEEDS LARGE,5,0,-5
crest_Pelikano Junior Fountain Pen,7,2,-5
greenroot_Dry Hair Oil,5,0,-5
madinah_Pine nut (Chilgoza,5,0,-5
samsungGALAXY NOTE-5 LTE 32GB,5,0,-5
samsung_50 J5500,5,0,-5
samsung_K6000 49  ,12,7,-5
shoppingmania_Gold Rhinestone Heart Drop Necklace & Earrings,5,0,-5
sony_SLT-A58K,5,0,-5
vitamin_Royal Jelly 500,5,0,-5
Al Muhafiz Multani Sohan Halwa Ticky Pack,4,0,-4
Aladdin_BBQ_Skewers_6,4,0,-4
Am-PTV_VC-1029-M,4,0,-4
C-tee_Pack of 3 Independence Day Kids T-Shirts-M,4,0,-4
Fmate_Moong Daal Halwa,4,0,-4
Getiit_Joy,4,0,-4
Haier_HRF-355,4,0,-4
Haier_LE 32B8000,4,0,-4
Haier_LE 42B9000,4,0,-4
Honda_BikeCD70-Black,4,0,-4
ISN_Bundle,4,0,-4
Infinix Hot S Hazir-Grey-Grey-Karachi,4,0,-4
JBS_IFAM-009,4,0,-4
Mono Cruiser _Grand,4,0,-4
PNG_Pampers_10003447-Lahore,4,0,-4
Paramount_9789670618623,4,0,-4
R&I_Generator 6KVG,4,0,-4
RT-02-RED-Double Duvet Cover Sheet Set-4 pcs,4,0,-4
RUB_Kemei_KM-580 A,5,1,-4
Rajesh_RAJ0371,4,0,-4
Relaxsit_RS-56,4,0,-4
Samsung Galaxy S6 Edge Plus,4,0,-4
Samsung_32J4003,4,0,-4
Sapphire_US0432,4,0,-4
The Vitamin Company Kojic Acid Whitening Cream 40GM,4,0,-4
Tmall_ASA317,4,0,-4
UK_ Cake Rusk Original 350 Gms,4,0,-4
apple_MACMINI 1.4 GHZ DUAL CORE i5,4,0,-4
apple_MACMINI 2.3GHZ DUAL CORE i5,4,0,-4
babyw_2949,4,0,-4
coleman_Red Excursion Cooler 9 QTR,4,0,-4
cr_PISTA SALTED-200 GM,4,0,-4
dawlance_DWF-1600A,4,0,-4
duma_4561253300294,4,0,-4
edukaan_7159-A4 - 300 Pages,4,0,-4
greenroot_Men Taur Ultra ,4,0,-4
haier_HSU-18LK-E8,4,0,-4
interwood_HF-01NOR-MW-40672,4,0,-4
pak_ B-6,4,0,-4
redspot_9789696230151,4,0,-4
sanasafinaz_march16_2A-Nationwide Delivery,4,0,-4
shahi_Pack of 3 Shahi Chewra ,4,0,-4
sockoye_QG in Quarter Grey,4,0,-4
stinnos_A103,6,2,-4
un_Food Bundle_FB,4,0,-4
vitamin_Aloe Vera Plus,4,0,-4
AKL_A131130511_SS-164_Orange,3,0,-3
AKL_A131131293_FC-12,3,0,-3
AKL_A133119105-HCFT028-Double,3,0,-3
APC_UPS 1 kv SUA10001,4,1,-3
ARY Jewellers_1 Gram Millat Gold Coin --Lahore,3,0,-3
AmanJee_PB003,4,1,-3
Apple MacBook Air 13-inch 1.6GHz dual-core Intel Core i5,5,2,-3
Apple iPhone 6S 16GB,3,0,-3
Audionic_B-710,3,0,-3
BB_Hygienic-Home-Bundle,3,0,-3
BK1020200CF,3,0,-3
BO_5 Ft Sunset Glow Baby Swimming Pool,3,0,-3
BO_Piano-1,3,0,-3
CITY_Light Grey Belt Pant-Size L 40 - W 38,3,0,-3
CITY_White Frock Half Sleeves-5 - 6.5 yrs - Size 28,3,0,-3
CITY_White Shirt Full Sleeves Prep to X-8 - 10 yrs - Size 26,3,0,-3
CITY_White Shirt Half Sleeves Prep to X-10 - 12 yrs - Size 28,3,0,-3
Changhong Ruba 50 Inches D4000i Smart LED,3,0,-3
Changhong Ruba 55 Inches C5000i Smart LED TV_clear,3,0,-3
Chk_Buy 1 Get 1 Free: Mango Chutney 330 gms,3,0,-3
Cosmo_Proactiv Solution,3,0,-3
Dawlance_Microwave DW-131,4,1,-3
Eco Star_40U557,3,0,-3
Elan_W-M020,3,0,-3
Fmate_Chicken Aaloo Qeema,3,0,-3
Fmate_Chicken Shami Kabab,3,0,-3
Fmate_Palak Paneer ,3,0,-3
Fmate_Tawa Fry Fish/Chicken Batter Mix,3,0,-3
GMZV_Xbox One PAL -  500GB - Black,3,0,-3
HAIER_HSU-12HNH,3,0,-3
HOS_CNCMW100,4,1,-3
HP_Officejet ENVY 5530 Wireless (3-in-1,3,0,-3
Haier_HRF-300,3,0,-3
Haier_HWM 55-1010,3,0,-3
Haier_HWM 75AS,3,0,-3
Haier_HWM-85-7288,3,0,-3
Harry Potter and The Cursed Child-Hazir-Islamabad,3,0,-3
Kenwood_KEA1201,3,0,-3
L&S_meh023,3,0,-3
LALA_VTE-02,3,0,-3
Life source_MB-240,3,0,-3
MEGUIAR_G12711,4,1,-3
Paramount_8489738068,4,1,-3
Q&Q_GV54J302Y,3,0,-3
R&I_Split AC - Crystal Series 18000BTU,3,0,-3
Rubian_alphatronix-7019-1926235-1-zoom,3,0,-3
SCIFI_SC38816,3,0,-3
SIR_DMS02-2,3,0,-3
SNU_NA16E2-03,3,0,-3
Sapphire_US0413,3,0,-3
TLC_TAC-24CS/JET 2 ton,3,0,-3
Teenz_R-0124,3,0,-3
Tmall_MM-DR-MIB,3,0,-3
UK_Gulab Jamun Tin Pack  1000 Gms,3,0,-3
UnzeLondon_GS4354-9,3,0,-3
Zia_QT6A,3,0,-3
adenwala_Deal No.4,3,0,-3
ajmery_HQT906-Pink--,3,0,-3
akl_A131133511_MS-11_Beige,3,0,-3
asimjofaeid_AJL-1A,3,0,-3
aw_Octane Booster-12oz./354ml ,3,0,-3
cr_RAISIN SUNDER KHANI-500 GM,3,0,-3
dawlance_9108 DELUXE Refrigerator,3,0,-3
dawlance_DW-6500 Grey,3,0,-3
edukaan_7032-A4 - 6 Subjects,3,0,-3
edukaan_7069-A4 - 300 Pages,3,0,-3
emart_0-42,3,0,-3
fitn_748927028614,3,0,-3
gree_12CIT,3,0,-3
gree_12LM4,3,0,-3
gree_18LM4,4,1,-3
greenroot_Anti Dandruff and Hair Fall,3,0,-3
greenroot_Organic Honey (250 ml,3,0,-3
iPhone SE-64GB,3,0,-3
liberty_9780521736374,3,0,-3
moshi_99MO023126,3,0,-3
nabila_Nlight FOR creamy,8,5,-3
prime_T11-GR Black-M,3,0,-3
s_tv_KLV-32R302C,4,1,-3
samsungGALAXY S-7 EDGE 32GB Black,3,0,-3
sanasafinaz_march16_10A-Nationwide Delivery,3,0,-3
sanasafinaz_march16_5A-Nationwide Delivery,3,0,-3
sony_SLT-A58Y,3,0,-3
stinnos_957,3,0,-3
stitchers_TnT 012-L,3,0,-3
tcl_40 inch D2720 Full HD LED TV,3,0,-3
viewsonic_PJD5134,3,0,-3
vitamin_Breast Enlargement,3,0,-3
vitamin_Super Ginseng 800,3,0,-3
voucher,3,0,-3
ww_WSB-5-Orgional Wood Colour,3,0,-3
 Huawei Mate 8,2,0,-2
AKL_A131128777_SS-33_Yellow,2,0,-2
AKL_A131130507_SS-161_Blue,2,0,-2
AKL_A131131284_FC-03,2,0,-2
AKL_DL-02-YELLOW,2,0,-2
AT-CTT-28,2,0,-2
AU_WS017,3,1,-2
Aladdin_Nice_Dicer_Plus,2,0,-2
Aladdin_snap_grip_wrenches,2,0,-2
Apple iPhone 6S Plus 128GB,2,0,-2
Ar_KN034-S,2,0,-2
Audionic X-BOOM 5 Black,2,0,-2
Audionic_B-334,4,2,-2
Audionic_Rb 104,2,0,-2
BAHRIA COLLEGE_Navy Blue Elastic Pant-8 - 9 yrs - Size 32,2,0,-2
BBS_A086,3,1,-2
BBS_M009,2,0,-2
BFV_Black Friday voucher Rs  1500,2,0,-2
BHA_K.E-8000,2,0,-2
BK7010400AG,2,0,-2
BO_Guitar-Pktoy-Wooden,2,0,-2
BP_PS03940-Green,2,0,-2
BP_PS19825-Spongebob,2,0,-2
Bata_Power-8386002-43-9,2,0,-2
Bparcel_85W-SAFE2,2,0,-2
Bparcel_HP-90W,2,0,-2
Bparcel_N4050,2,0,-2
CITYN_White Kameez Shalwar with Full Sleeves-13 - 15 yrs - Size ,2,0,-2
CITY_Pajama-9 - 10 yrs - Size 34,2,0,-2
CITY_White Frock Half Sleeves-6.5 - 8 yrs - Size 30,2,0,-2
Careem_25000 Credits,2,0,-2
Careem_50000 Credits,2,0,-2
Casio_EFR-549SG-1AVUDF,2,0,-2
Castillo_CWM-326,2,0,-2
Ctees-Black Zip- Up Hoodie-M,2,0,-2
Dawlance_DW-540 AF,2,0,-2
Emo_SS-21775-40,2,0,-2
Epson_L1800,2,0,-2
FHM_Fluffy Cocao-SOFA SET,2,0,-2
FHM_Mild LCD,2,0,-2
Farah_7-B,2,0,-2
Fmate_Chicken Biryani (Boneless,2,0,-2
Fmate_Sooji Halwa,2,0,-2
GMZV_Xbox 360 Ultra Slim - 4GB -Unmodified - Black,2,0,-2
Getiit_Mate,2,0,-2
Gloria_1506A,2,0,-2
Gree_24CZ8,2,0,-2
HGS_White Legging-4 - 5 yrs - Size 24,2,0,-2
HOS-m_CKEIM100,2,0,-2
HOS_ESW90,2,0,-2
HOS_IMPFW100,2,0,-2
HOS_JPGCW100,3,1,-2
HOS_RLRW100,2,0,-2
HP_ 15-AB202TX _clear,2,0,-2
HP_ 15-AC107TU _clear,2,0,-2
HP_ 15-AC110TU Ã‚Â ,2,0,-2
HP_HP 706n A3 black,2,0,-2
HTC_DESIRE 628,2,0,-2
Haier_HSU-18HZE-R2-DB DC Inverter,2,0,-2
Haier_HSU-18LK-E10BL,2,0,-2
Haier_HWM-75-918,2,0,-2
IKEA_70098989,2,0,-2
Infinix Hot 4 Hazir-Gold-Karachi,2,0,-2
Infinix Hot 4 Hazir-Gold-Rawalpindi,2,0,-2
J&J_JJCC-017C,2,0,-2
JBS_CRY-019,2,0,-2
JBS_IFAM-032,2,0,-2
Khouzh_KKAS-02-13 to 15 M,2,0,-2
Kingston_Kingstondtse9 - 16 Gb - Silver,2,0,-2
L&L_LLABF722,2,0,-2
Life source_LS-7001,3,1,-2
Loreal_Revitalift Night Cream - 50 ml,2,0,-2
MACBOOK AIR 13-INCH 256 GB Flash Drive,4,2,-2
MDF 004_Cashews Roasted 250 gm,2,0,-2
MDF 005_Cashews Plain 250 gm,2,0,-2
MEGUIAR_G13616,2,0,-2
MEGUIAR_G19216,2,0,-2
MEGUIAR_X1030EU,2,0,-2
MHS_Oxford-Bed Sheet - [Size] Double,2,0,-2
MORG_GCS 01,2,0,-2
MORG_GCS 30,2,0,-2
MORG_GCS 31,2,0,-2
MT_SOL 40D33,2,0,-2
Mac Mini 2.8GHz,2,0,-2
Naushemian_#0027-Blue-M,2,0,-2
Naushemian_#0028-Offwhite-M,2,0,-2
Naushemian_#0029-Pstachio Green-M,2,0,-2
Naushemian_#0030-Light Red-M,2,0,-2
Nova_NLJ-1001,2,0,-2
PC_SCHL-FLT-003-6-7,2,0,-2
PHILLIPS_HP8698,2,0,-2
Paramount_9781107657823,2,0,-2
Paramount_9781444175349,2,0,-2
Philips_6540,2,0,-2
Popular International_On call Extra Meter,2,0,-2
Prime_T12-BLACK-2XL,2,0,-2
PucaM_SS-25-BLACK-43,2,0,-2
Q&Q_DA05J101Y ,2,0,-2
R&I_Generator 5KVG,2,0,-2
RAJESH_RAJ184,2,0,-2
RBC_9789694074283,2,0,-2
Relaxsit_RS-40,2,0,-2
Relaxsit_RS-67,4,2,-2
SCIFI_Disney Music_SC39808,2,0,-2
SCIFI_SC301PGP-Princess ,2,0,-2
SCIFI_SC4530SPD-Spider Man ,2,0,-2
SNU_Es16e2-02,2,0,-2
Samsung Galaxy S6 Edge (32GB,2,0,-2
Samsung_40J5200,2,0,-2
Samsung_S7 Edge-Silver,2,0,-2
StPat_Belt Pant_13 - 14 yrs-Size 40/36,2,0,-2
StPat_Belt Pant_14 - 15 yrs-Size 40/36,2,0,-2
TMS_Pink Kameez Half Sleeves-13 - 15 yrs - Size 40,2,0,-2
Tehzeeb_123-E,2,0,-2
Telemall_MM-PC-0002,2,0,-2
Tmall_MM-DR-ND,2,0,-2
Tmall_MM-DR-SPSB,2,0,-2
Topline_Iqbal his life and Our Time,3,1,-2
Transcend_64GB JetFlash 810,2,0,-2
Triumph_Doreen-Black- 36C,2,0,-2
Triumph_Tri-action 36 P-Black- 36C,2,0,-2
Truck Art Porcelain Mug M2,2,0,-2
UK_Kala Jamun Tin Pack 1000 Gms,2,0,-2
UK_Namkino Mix Nimco 5 Pcs Gift Pack,2,0,-2
WW_WHP-WP-1,2,0,-2
Z&A_ZEES-0043,2,0,-2
Z&A_ZEES-0139,2,0,-2
Zia_AD12,2,0,-2
Zia_AW6,2,0,-2
Zia_QT17,2,0,-2
Zia_TK4,2,0,-2
Zuk Z1-Grey-Lahore,2,0,-2
adenwala_Deal No.1,2,0,-2
adenwala_Deal No.5,2,0,-2
akl_A132116093_GMSU171-M,2,0,-2
alkhair_Ajwa Dates 250gm-1,2,0,-2
alrafa_Sughai-Dates-400g,2,0,-2
asimjofaeanew_2B,2,0,-2
asimjofaeid_AJL-3B,2,0,-2
audionic6-954217-564364,2,0,-2
audionic_6954217686844,2,0,-2
aw_CRC DUST FREE -400ml  ,2,0,-2
babyw_toy$9,2,0,-2
barico_BS034-,2,0,-2
bogo_Lahore,2,0,-2
casio_MTP-1381D-7AVDF,2,0,-2
cn_clc_ AS-220RTS,2,0,-2
crocs_200375-ocean-C10,2,0,-2
dawlance_9170WB Graphite Grey,2,0,-2
dawlance_91996 - H-ZONE PLUS Refrigerator with Dawlance MD-7 20L,2,0,-2
edukaan_7101-A4 - 300 Pages,2,0,-2
edukaan_7157-A4 - 300 Pages,2,0,-2
emarthazir_BBQ Pro Kit-Lahore,2,0,-2
fitn_631656703276,2,0,-2
fitn_631656708554,2,0,-2
fitn_748927053531,2,0,-2
gree_12CZ8,2,0,-2
gree_18CZ8,2,0,-2
greenroot_Oil For Oily Hair,2,0,-2
greenroot_Weight plus,2,0,-2
guess_W0289L1,2,0,-2
hijabh_0120-BC-759 (1,2,0,-2
infinix_Note 2 Grey,2,0,-2
interwood_HA-K17W105-23575,2,0,-2
interwood_HF-19-C5929-22200,2,0,-2
iphone_7-plus-32gb-wof-Matt Black,2,0,-2
jackpot_Microwave Oven -JP-932 ,2,0,-2
kke_SCF690-27,2,0,-2
lalqila_Achar Gosht-850gm,2,0,-2
lalqila_Mughlai Pasandy-850gm,2,0,-2
lalqila_Shahi Nihari-850gm,2,0,-2
lamp_Lamp Shade Round 4 ,2,0,-2
lenovo_80HR00AKUE,5,3,-2
liberty_9780241957110,2,0,-2
liberty_9780521677004,2,0,-2
liberty_9781447218890,2,0,-2
liberty_9789351361725,2,0,-2
liberty_9789351365938,2,0,-2
liberty_Brown Zipper Jacket for Boys / Girls-16 yrs - above - Si,2,0,-2
liberty_Maroon Pullover for Boys-4 - 5 yrs - Size 24,2,0,-2
madela_ DISPOSABLE BRA PADS,2,0,-2
mitsubishi_1.5 ton SRC 18CLK,2,0,-2
mt_BL001321-32Oz,2,0,-2
noritake_NT4276M,2,0,-2
phub_Armani Mania ,2,0,-2
phub_Chance Eau Tendre  by Chanel 150mlml EDT,2,0,-2
phub_Obsession by Calvin Klein 100ml EDP,2,0,-2
redspot_9789696230007,2,0,-2
redspot_9789810550127,2,0,-2
redspot_9789810594718,3,1,-2
renna_LL-BBP-WN,2,0,-2
rhythm_G1107S-04,2,0,-2
rute2_4533,2,0,-2
rute2_SlimStyles MR Vanilla ,2,0,-2
samsung_50J5100,2,0,-2
sanasafinaz_march16_11A-Nationwide Delivery,2,0,-2
sanasafinaz_march16_16A-Nationwide Delivery,2,0,-2
sanasafinaz_march16_1A-Nationwide Delivery,2,0,-2
sanasafinaz_march16_9A-Nationwide Delivery,2,0,-2
seagate_SG E-2TB,2,0,-2
shubinak_SN-MB-03,2,0,-2
shubinak_SWW14-BS-240B,2,0,-2
sinbo_7027,2,0,-2
smo_30 Pieces Oranges - 5kg,2,0,-2
snap_Snap Car-care Kit,3,1,-2
sony_DSLR-ILCE-5000Y,3,1,-2
sputnik_701/D14-9,2,0,-2
sstop_Universallensclipkit,2,0,-2
stinnos_1569,2,0,-2
tcl_32 inch D2730 Golive-2 LED TV,2,0,-2
timex_T2N942,2,0,-2
timex_T2P398,2,0,-2
tisot_wtch_13,2,0,-2
un_Health and Hygiene Bundle_HB,2,0,-2
xenium_DFC-201668,2,0,-2
zubairco_003569,2,0,-2
3m_70005045094,1,0,-1
3m_DC272923871,1,0,-1
AKL_A01136184-AW-10-Light Pink,1,0,-1
AKL_A01136192-AW-38-Yellow,1,0,-1
AKL_A131128708_SS-8_Pink,1,0,-1
AKL_A131128712_SS-48_Yellow,1,0,-1
AKL_A131128715_SS-127_Purple,1,0,-1
AKL_A131128720_SS-14_Grey,1,0,-1
AKL_A131128762_SS-22_Ferozi,1,0,-1
AKL_A131128828_SS-102_Brown,1,0,-1
AKL_A131130447_SS-141_Purple,1,0,-1
AKL_A131130455_SS-145_Black,1,0,-1
AKL_A131130456_SS-145_Navy Blue,1,0,-1
AKL_A131130478_SS-165_Grey,1,0,-1
AKL_A131130487_SS-31_Light Olive,1,0,-1
AKL_A131130488_SS-31_Peach,1,0,-1
AKL_A131130501_SS-154_Purple,1,0,-1
AKL_A131130512_SS-164_Grey,1,0,-1
AKL_A131131283_FC-02,1,0,-1
AKL_A131131287_FC-06,1,0,-1
AKL_A131133495_MS-04_Purple,1,0,-1
AKL_A131135334-FW-29-Brown,1,0,-1
AKL_GFKU2369-L,1,0,-1
AM-Dark Turquoise Suit APS-5110-Small,1,0,-1
AM-Sky Blue Shalwar Suit APS-5100-Large,1,0,-1
Accu-Chek Active System ,1,0,-1
Ahan_WWST-001,1,0,-1
Akl_GFSU1270_Beige-L,1,0,-1
Al-Bakio_1A141,1,0,-1
Aladdin_055-BO_CAR-2088-2,1,0,-1
Aladdin_068-BO_MOTOR-2019,1,0,-1
Aladdin_Chrome Dumbbells Silver - 5kg ,1,0,-1
Aladdin_Kids Scooty - Multicolor,1,0,-1
Aladdin_UMR_CM_1092,1,0,-1
Aladdin_Wrench_Snap N Grip_01,1,0,-1
Aladdin_bike_cover,3,2,-1
Aladdin_water_hose_pipe,1,0,-1
Apple iPad Air 2 16 GB 4G,1,0,-1
Apple iPad Mini 3 Wifi 128GB-Space Grey,1,0,-1
Apple iPhone 6 (16GB,1,0,-1
Apple iPhone 6 Plus (16GB,1,0,-1
Apple iPhone 6S 128GB-Gold,1,0,-1
Arino_111-4105-Brown-42,1,0,-1
Artzy_MM-02,1,0,-1
Assetboys_MD-1340-B-5Y,1,0,-1
Assetmen_MD-428-M,1,0,-1
Atiqa_mega-sale-box-set,1,0,-1
Audionic  BT125 Speaker,1,0,-1
Audionic Reborn RB-107,1,0,-1
Audionic Reborn RB-90,1,0,-1
Audionic Vision 9,1,0,-1
Audionic6-954217-512365,1,0,-1
Audionic_6-954217-534473,1,0,-1
Audionic_B-710-Black,1,0,-1
Audionic_DJ 500,1,0,-1
Audionic_ECCO AH-715,1,0,-1
Audionic_Mehfil MH-20,1,0,-1
Audionic_Rex 65,1,0,-1
Audionic_Studio 4,1,0,-1
B-power_8286332-44,1,0,-1
BBS_A179,1,0,-1
BBS_C007,1,0,-1
BBS_D005,1,0,-1
BBS_DoremonCar,1,0,-1
BB_001,2,1,-1
BB_006,1,0,-1
BB_KIDSHD_HORS,1,0,-1
BB_KIDSHD_PIR,1,0,-1
BB_KIDSHD_PRI,1,0,-1
BFV_Black Friday voucher Rs  1000,1,0,-1
BHA_K.E-555-C,1,0,-1
BMS_Grey Elastic Pant-8 - 9 yrs - Size 32,1,0,-1
BO-paintings_MHS33-FIG,1,0,-1
BOOSTER CABLE 500AMP,1,0,-1
BO_Guitar-Pktoy-Pink,1,0,-1
BO_Hippo figured Child Seat,1,0,-1
BO_Rectangular Sea Pool,1,0,-1
BO_Teddy Bear - Yellow & White,1,0,-1
BO_topspeedRC-black,1,0,-1
BO_ty901-red,7,6,-1
BP_PS11043,1,0,-1
BP_PS19825-Mickey Mouse,1,0,-1
BParcel_EASY CAP 4 PORT-BLACK,1,0,-1
BParcel_Mini TOUCHPAD  500RF-BLACK,1,0,-1
BParcel_USB to VGA 3.0-BLUE,1,0,-1
BSSN_Waist Belt Logo on Buckle-Large,1,0,-1
B_power_4082296-37,1,0,-1
B_power_8082293-41,1,0,-1
Baklawa_Bird s Nest Pistachio-1Kg,1,0,-1
Barico_490 (940387,1,0,-1
Bata_3514467-PU-Brown-12,1,0,-1
Bata_Bfirst-3216008-33-1,1,0,-1
Bata_Bfirst-3511015-,1,0,-1
Bata_Bfirst-3516072-27-9,1,0,-1
Bata_Bfirst-3516073-32-13,1,0,-1
Bata_Bfirst-4216008-35-2,1,0,-1
Bata_Bfirst-6516094-39-6,1,0,-1
Bata_Power-8389002-41-7,1,0,-1
Bata_Power-8389002-44-10,1,0,-1
Bose_626237-0020,1,0,-1
Bparcel_45W-SAFE1,1,0,-1
Braun_Citrus Juicer MPZ9 ,1,0,-1
Braun_Hair Straightener ES-1 ,1,0,-1
CBS_9780071701723,1,0,-1
CITY_Pant Belt,1,0,-1
CITY_White Shirt Full Sleeves Prep to X-12 - 13 yrs  - Size S,1,0,-1
CITY_White Shirt Full Sleeves Prep to X-6.5 - 8 yrs - Size 24,1,0,-1
CI_B- 004,1,0,-1
CUR_CUD-35,1,0,-1
Carson_CB-02-001-43-9,1,0,-1
Carson_CB-02-002-43-9,1,0,-1
Casio_EFR-546L-2AVUDF,1,0,-1
Castillo_CD-746-Camel-40,1,0,-1
Castillo_CDT-748-Black-42,1,0,-1
Castillo_CGR-02-Natural C,1,0,-1
Castillo_CPL-741-Black With Burgundy Shade-42,1,0,-1
Castillo_CR-01-Natural D,1,0,-1
Castillo_CW-754-Dark Brown Suede-42,1,0,-1
Changhong Ruba 50 Inches D2100 LED TV,1,0,-1
Changhong Ruba 55 Inches UD55D6000i Ultra HD TV_clear-CS,1,0,-1
Cherrys_SK-542-L,1,0,-1
Cherrys_SK-628-M,1,0,-1
Cosmo_Wen Lavender,1,0,-1
Ctees_BH-K-CUP-L,1,0,-1
Ctees_BH-K-CUP-M,1,0,-1
Ctees_BH-K-HPR-L,1,0,-1
Culzado_CZM-260-42,1,0,-1
Dany_Masti-12,1,0,-1
Dawlance 9144 WB GD HZONE PLUS ,1,0,-1
Dawlance 91996 HZ H-Zone Plus 18 cu ft Refrigerator,1,0,-1
Dawlance Split A/C LVS 30 Red 18000BTU LW,1,0,-1
Dawlance_Inverter-45 2.0 ton,1,0,-1
Dawlance_bundle_DWEK-8229_clear,1,0,-1
Dynasty_Dynasty Spark-French Blue,1,0,-1
Dynasty_Dynasty Spark-Peach,1,0,-1
Dynasty_Marvel By Dynasty-Rust,1,0,-1
Dynasty_Shan-e-Mughal (Latha,1,0,-1
Dynasty_York By Dynasty-Charcoal,1,0,-1
EP_1200 1 KVA,1,0,-1
Eco Star_24U521,1,0,-1
Eco Star_40U561,1,0,-1
Edifier_Head phone K680,1,0,-1
Edukaan_200551,1,0,-1
Eglo_88816,1,0,-1
Ego_E02406-BK0-Black-MDM,1,0,-1
Ego_E02436-BK0-Black-LRG,1,0,-1
Electrolux_SEA2499,1,0,-1
Elite_Self Balancing Electric Scooter,1,0,-1
Elite_Self Balancing Electric Scooter ,1,0,-1
Elite_Self Balancing Electric Scooter-Black,1,0,-1
Emo_CS-25993-42,1,0,-1
Emotions_Emo-BS-13843,1,0,-1
Emotions_Emo-CS-13977,1,0,-1
Entertainer Asia_Vouch 365-2017 Mobile App Lahore,2,1,-1
FHM_Bloomy -SOFA SET,1,0,-1
FHM_LUCID COMFORT1,1,0,-1
FHM_TWIRL1,1,0,-1
FISH_CA025,1,0,-1
FL_FL-05P,1,0,-1
Fidato Ankle High Boot 309-872-41,1,0,-1
Fidato Ankle High Boot 309-872-45,1,0,-1
Fidato_537-904-W-40,1,0,-1
Fidato_537-904-W-45,1,0,-1
Fidato_537-904-W-brown-41,1,0,-1
Fmate_Chicken Achari (Boneless,1,0,-1
Fmate_Chicken Haleem,1,0,-1
Fmate_Chicken Kabab Fry,1,0,-1
Fmate_Chicken Tandoori Boti,1,0,-1
Fmate_Coconut Halwa,1,0,-1
Fmate_Daal Maash,1,0,-1
Fmate_Sarson Ka Saag,1,0,-1
Fmate_Shahi Qorma (Boneless,1,0,-1
Fmate_Shish Taouk Dry Marinade,1,0,-1
Fmate_Steak Dry Marinade,1,0,-1
Fpakistan_FP029,1,0,-1
GFC_Ceiling V.I.P,1,0,-1
GMZV_DualShock 4 Wireless Controller for PlayStation 4 - Jet Bla,1,0,-1
GMZV_Microsoft GTA V - Xbox One,1,0,-1
GMZV_WWE 2K17-XboX one,1,0,-1
GS_BH025-18-24 M,1,0,-1
GS_BH025-6-7 Years,1,0,-1
GS_BH030-13-14 Years,1,0,-1
GS_R041-12-18 M,1,0,-1
Getiit_Fun,1,0,-1
Getiit_J 101,1,0,-1
Getit_Joy,1,0,-1
Gloria_1072A,1,0,-1
Gloria_1602,1,0,-1
Gmart_Fenix 3 HR 1,2,1,-1
Gmart_Touch Operated Smart Sport Bracelet 1,1,0,-1
Gmart_Vivosmart HR+ 1,1,0,-1
HH-arabis_0120-JC-80_Black-52,1,0,-1
HH-arabis_0120-JC-82_Black-58,1,0,-1
HNB_8,1,0,-1
HOS-M_CKOREM100,1,0,-1
HOS-W_VERYDW90,1,0,-1
HOS-m_CKETM100,1,0,-1
HOS-m_CNBDCMP100,2,1,-1
HOS-m_CPDOMM80,1,0,-1
HOS-m_DUNREDM100,1,0,-1
HOS-m_GAADGEM180,1,0,-1
HOS-m_GACM75,1,0,-1
HOS-m_HRMTDHM75,1,0,-1
HOS-m_IMLDM75,1,0,-1
HOS-m_KCBM100,1,0,-1
HOS-m_MBEM100,1,0,-1
HOS-m_PR1MM100,1,0,-1
HOS-m_VERPHM100,1,0,-1
HOS-m_bvlaphm100,1,0,-1
HOS_BBYLW100,1,0,-1
HOS_CH212W100,1,0,-1
HOS_DVFCWW100,1,0,-1
HOS_EARSW100,1,0,-1
HOS_ELWMW100,1,0,-1
HOS_GUCENVW100,1,0,-1
HOS_HBFW75,1,0,-1
HOS_JLSW100,1,0,-1
HOS_YSLEW90,1,0,-1
HP_ 15-AB204TU ,1,0,-1
HP_AB201TUN8L18PA,1,0,-1
HP_CP 551dn,1,0,-1
HP_Laser 402dn Black,1,0,-1
Haier_HRF-342,1,0,-1
Haier_HRF-380,1,0,-1
Haier_HRF-382,1,0,-1
Haier_HSU-18LK-E10BL-White,1,0,-1
Haier_HSU-24LKE,1,0,-1
Hawks_A1-Brown_44,1,0,-1
Head_811576-M,1,0,-1
Homage_HEX-1004,1,0,-1
Honda_Bike CD 70 - Black,1,0,-1
Huawei G8 Gold LW,1,0,-1
Huawei_P9 OC,1,0,-1
IKEA_10323349,1,0,-1
INFIINIX_HOT S X521,1,0,-1
IRIScan_IRISCan Anywhere 2,1,0,-1
ISNs 100% Whey Protein Chocolate,1,0,-1
Iamofficial_IAM-0013,1,0,-1
Iamofficial_IAM-0102,1,0,-1
Infinix Hot Note X551-1GB-Gold-Nationwide Delivery,1,0,-1
J&J_JJ-024,1,0,-1
J&J_JJCC-002DB,1,0,-1
J&J_JJCC-024,1,0,-1
J&J_JJCC-026,1,0,-1
J&J_JJCC-029,1,0,-1
J&J_JJFP-016,1,0,-1
J&J_JJNR19,1,0,-1
J&J_JJNR5,1,0,-1
J&J_JJPS-007XL,1,0,-1
J&J_JJQS-003S,1,0,-1
J&J_JJQS-004S,1,0,-1
JBS_CRY-046,1,0,-1
JBS_EUR-153,1,0,-1
JBS_IFAM-025,1,0,-1
JBS_OMA-224,1,0,-1
JBS_SZ-042,1,0,-1
JBS_TAT-128,1,0,-1
JBS_TAT-134,1,0,-1
JBS_TAT-212,1,0,-1
JBS_WEN-012,1,0,-1
JBS_WEN-015,1,0,-1
JBS_WEN-035,1,0,-1
JBS_WEN-043,1,0,-1
JBS_lrd-001,1,0,-1
Julbo_ J4002014,1,0,-1
Julbo_ J4512014,1,0,-1
KI_bedsheet-2050mkmmbs,1,0,-1
KI_bedsheet-2052mkmsbwbs,1,0,-1
Kenwood_1.5 Ton Air Conditioner - HSU-18LKE,1,0,-1
Kenwood_KENWOOD DC INVERTER 5 STAR 1.5 Ton,1,0,-1
Khouzh_KCS-03-10 to 12 M,1,0,-1
Kmade_Kitchen Made 05,1,0,-1
LC_3349668532902,1,0,-1
LC_3595471021182,1,0,-1
LC_7640111505631,1,0,-1
Laitalio_Black Harlow Footmark-43,1,0,-1
Laitalio_Cog-Tan-41-7,1,0,-1
Liberty_9780007256068,1,0,-1
Liberty_9780099549482,1,0,-1
Liberty_9780670088461,1,0,-1
Liberty_9781863966191,1,0,-1
Life source_GS300,3,2,-1
Life source_LS-3002 DBS,1,0,-1
Life source_LS-9001,2,1,-1
Loomes_LK-029 Turquoise blue-S,1,0,-1
"Loreal_Revitalift Laser X3 Integeral Care Day, Anti Wrinkle & An",1,0,-1
Lunar Aqua,1,0,-1
Lunar Boom Bt,1,0,-1
Lunar Kb Expert Usb,1,0,-1
Lunarl-500,1,0,-1
M&M_Deal 1,1,0,-1
MEGUIAR_A2116,1,0,-1
MEGUIAR_G10307,1,0,-1
MEGUIAR_G12718,1,0,-1
MEGUIAR_G13115,1,0,-1
MEGUIAR_G17748,1,0,-1
MEGUIAR_G4116,1,0,-1
MEGUIAR_G6107EU,1,0,-1
MEGUIAR_G7016,1,0,-1
MEGUIAR_G7164,1,0,-1
MEGUIAR_M0716,1,0,-1
MHS_Flannel Check-Red-Bed Sheet - [Size] Double,1,0,-1
MHS_Metallic Cuff White-Bed Sheet - [Size] Double,1,0,-1
MHS_Pleat Boarder -Bed Sheet - [Size] King,1,0,-1
MORG_GCS 04,1,0,-1
MORG_GCS 26,2,1,-1
MORG_GCS 28,1,0,-1
MORG_GCS 37,2,1,-1
Mitsubishi_MSZ-HJ71VA,1,0,-1
Mono Cruiser _Jazzy Two Premium,1,0,-1
NESTLE_Dolce&Coffee_Flavors,1,0,-1
NYX_Beauty Kit,1,0,-1
Naushemian_#0022-S,1,0,-1
Naushemian_#0027-Blue-L,1,0,-1
Naushemian_#0028-Offwhite-L,1,0,-1
Naushemian_#0030-Light Red-L,1,0,-1
Naushemian_#0031-Orange -L,1,0,-1
Naushemian_#0031-Orange -M,1,0,-1
Needles_FBD-4108,1,0,-1
Nurai_MD-838 -12Y,1,0,-1
Nuraiwomen_MD-817 -12(L,1,0,-1
On Call EZ-II Meter+50 Strips Combo Deal,1,0,-1
Oxford_9780195978933,1,0,-1
P&P_365IKJ278967,1,0,-1
PBG_D-1039,1,0,-1
PHILIPS_HAIR TRIMMER QC 5130/15,1,0,-1
PHILIPS_HP8105_29,1,0,-1
PMA_9789810117269,1,0,-1
PNG_Always_10000153-Karachi,1,0,-1
PNG_Always_10000778-Lahore,1,0,-1
PNG_Pampers_10003594-Lahore,1,0,-1
PNG_Pampers_10003596-Karachi,1,0,-1
Paramount_9694944180,1,0,-1
Paramount_9780141038247,1,0,-1
Paramount_9780521186049,1,0,-1
Paramount_9780600617433,1,0,-1
Paramount_9781107673397,1,0,-1
Paramount_9781107677364,1,0,-1
Paramount_9781107697690,1,0,-1
Paramount_9789694945804,1,0,-1
Paramount_9789694945828,1,0,-1
Paramount_9789694949277,1,0,-1
Paramount_9789694949451,1,0,-1
Paramount_9789694949697,1,0,-1
Paramount_9789694949703,1,0,-1
Paramount_9789812712844,1,0,-1
Paramount_9789812808127,1,0,-1
Paramount_99914786,1,0,-1
Paramount_hazir_9781910561324-Islamabad,1,0,-1
Philips_Bundle Offer AT890 HP 8110,1,0,-1
Philips_HP8117,1,0,-1
Phillips_HP8201,1,0,-1
Planet-T_PT007959,1,0,-1
Planet-T_PT026144,1,0,-1
PlanetX_PO-9005,1,0,-1
Prime_B666- BLACK-M,1,0,-1
Prime_H-9- BLACK-2XL,1,0,-1
Prime_LLTC-BLACK-S,1,0,-1
Prime_PINKI-BLACK-M,1,0,-1
Prime_PINKI-BLACK-XS,1,0,-1
Prime_T12-BLACK-M,1,0,-1
Prime_WBGH -M,1,0,-1
Progressive_9780340940105,1,0,-1
Progressive_9780857800008,1,0,-1
Progressive_9781472304100 ,1,0,-1
Progressive_9781474813860,1,0,-1
Progressive_9788131909027,1,0,-1
Progressive_9788131936412,1,0,-1
PucaM_COOPER-BLACK-42,1,0,-1
PucaM_COOPER-BLACK-43,1,0,-1
PucaM_FLYNET NAVY-42,1,0,-1
PucaM_Pagan -Grey -45,1,0,-1
Q&Q_DE02J502Y,1,0,-1
Q&Q_F298-204Y,1,0,-1
QMobile Noir Z10,1,0,-1
R&I_Generator 3.0KVA,1,0,-1
R&I_eIcon Series 12000BTU,1,0,-1
R&I_eInverter Series 12000BTU,1,0,-1
RAJESH_RAJ132,1,0,-1
RAJESH_RAJ170,1,0,-1
RAJESH_RAJ192,1,0,-1
RAJESH_RAJ193,1,0,-1
RAJESH_RAJ205,1,0,-1
RAJESH_RAJ230,1,0,-1
RMSON_AM0340B MW WH,1,0,-1
RMSON_TM0389 MW BK,1,0,-1
RMSON_TM1274 LW BK,1,0,-1
RMSON_TM4222F MW WH,1,0,-1
RMSON_TM4254R MW BK,1,0,-1
RMSON_TM8904 MC WH,1,0,-1
RS_Sohan Halwa 1000gm,4,3,-1
RS_Sohan Halwa Tin,35,34,-1
RUB_Dingling_RF-609 ,1,0,-1
RUB_Kemei_KM-27c,1,0,-1
Rai_Ra21-Pistachio Green-Medium,1,0,-1
Rajesh_Cricket Wickets with Spring,1,0,-1
Rajesh_Doremon Bubble Toy,1,0,-1
Rajesh_Multicolor Talk Back Parrot Toy,1,0,-1
Rajesh_RAJ005,1,0,-1
Rajesh_RAJ012,1,0,-1
Rajesh_RAJ014,1,0,-1
Rajesh_RAJ225,1,0,-1
Rajesh_RAJ52,1,0,-1
Rajesh_Y Pad English Learning Computer,1,0,-1
ReadersHeaven_9780330353823,1,0,-1
Ref_AMBASSADOR 1162 Tan-44,1,0,-1
Ref_Track 2049-Black -43,1,0,-1
Ref_Track 2063-Brown-41,1,0,-1
Relaxer_HND 01-Yellow,1,0,-1
Relaxer_LSP 02 A-Blue,1,0,-1
Relaxsit_RS-58,1,0,-1
Relaxsit_RS-59,1,0,-1
Relaxsit_RS-70,2,1,-1
Route_km256-L,1,0,-1
Rubian_Rubian Car Sun Visor Tissue Box - Green ,1,0,-1
SAB_SI-207-S,1,0,-1
SANASAFINAZ_DESIGN NO.14 A,1,0,-1
SCIFI_Amazing Spiderman_SC9812ACN,1,0,-1
SCIFI_Disney Beauty_SC4545PGP,1,0,-1
SCIFI_Disney Planes Scoop_SC2255PLS,1,0,-1
SCIFI_SC39815-SCI-Fi ,1,0,-1
SCIFI_Spider Man_SC4203SPD,1,0,-1
SCIFI_Spider Man_SC4540SPD,1,0,-1
SCIFI_True Honor _SC7820CKA,1,0,-1
SIR_DMS16,1,0,-1
SIR_WR450,1,0,-1
SNU_ op16l-155A,1,0,-1
SNU_ ze16e2 364004 ,1,0,-1
SNU_ME16E-2A,1,0,-1
SNU_ME16E-7A,2,1,-1
SNU_NS16E2-07,1,0,-1
ST-PETER-Light Grey Elastic Pant-8 - 9 yrs - Size 32,1,0,-1
STBB_A Textbook of Biology 1st year by Prof.Majid uz zaffar,2,1,-1
STBB_Selections from english verse 1st & 2nd Year by D.Y.MORGAN,1,0,-1
SUPER ASIA_GH 530-30 GLN CAPACITY,1,0,-1
SUPER ASIA_GH 555-55 GLN CAPACITY,3,2,-1
Saloni_VINCE6,1,0,-1
Samsung Galaxy Note 3 N9000,1,0,-1
Samsung Galaxy S6 Edge 32GB SM-G925F,1,0,-1
Samsung Galaxy S7 Edge,1,0,-1
Samsung_WA70H4000SW,1,0,-1
Sapphire_SS1150-SML-999-L,1,0,-1
Sapphire_US0410,1,0,-1
Sapphire_US0411,1,0,-1
Senorita_GAK-822-BGE-34,1,0,-1
Senorita_GAK-836-RED-40,1,0,-1
Senorita_KAK-739-SGN-22,1,0,-1
Senorita_KAS-736-LMN-32,1,0,-1
Senorita_KAS-741-RED-30,1,0,-1
Sigma_4544,1,0,-1
Sigma_55366,2,1,-1
Sigma_55367,1,0,-1
Singhar_NC-0012,1,0,-1
Sony_DZ 350,1,0,-1
Sony_PlayStation 4 1TB - Call of Duty Black Ops 3 Version Limite,1,0,-1
StPat_Grey Shirt Full Sleeve Morning and A-Level-15 yrs above - ,1,0,-1
StripyInterior_ Disney Cars,1,0,-1
TBG_AV-M-048-Ruby ,1,0,-1
TLC_TAC-18CHS/KEI 1.5 ton,2,1,-1
TTA_7005-6Y,1,0,-1
Telemall_BFCombo 4_Hot belt & Skipping rope,1,0,-1
Telemall_MM-DR-AF,1,0,-1
Telemall_MM-DR-MB,1,0,-1
Telemall_MM-DR-SOB,1,0,-1
Telemall_MM-PC-0009,1,0,-1
Timb-app_8318J-L,1,0,-1
Timb-mens_9062B -8.5,1,0,-1
Timex_TW000Q808,1,0,-1
Timex_TW000X602,1,0,-1
Tmall_ASA182,1,0,-1
Tmall_ASA216,1,0,-1
Tmall_ASA327,1,0,-1
Tmall_Depil_Silk,1,0,-1
Tmall_EM-TMX09,1,0,-1
Tmall_MM-DR-PAD,2,1,-1
Tmall_MM-H-20122,1,0,-1
Topline_Priciples of Commerce,1,0,-1
Topline_Understanding Times Tables,1,0,-1
Trans2_LW 11,1,0,-1
Trans2_LW 510,1,0,-1
Trans_LW 35-3-6 Month,1,0,-1
Trans_LW 509B ,1,0,-1
Trendz_TR-0020,1,0,-1
Tri-Angels_11014-2,1,0,-1
Tri-Angels_FR1742,1,0,-1
Triumph_T-Shirt Bra 87 P-Black-32B,1,0,-1
Triumph_T-Shirt Bra 92 P-Skin- 34B,1,0,-1
Truck Art Round metal tray,1,0,-1
Trzw_TPE-20-White,1,0,-1
Turk & Fillmore Board walk black-7,1,0,-1
Turk & Fillmore Lazaretto Black-42,1,0,-1
Turk & Fillmore Lazaretto Black-43,1,0,-1
Turk & Fillmore Lazaretto Tan-46-12,1,0,-1
Turk & Fillmore longisland ice tea-40,1,0,-1
Turk & Fillmore_Super Natural I-brown-45,1,0,-1
UC_orange-L,1,0,-1
UC_orange-XL,1,0,-1
UG_WP1,1,0,-1
UK_Namkino Mix Nimco 8 Pcs Gift Pack,1,0,-1
US-MSEW-5-4T,1,0,-1
US-USSG16-TOP-41-9-10Y,1,0,-1
USwinter_US-WGD-4-3T,1,0,-1
USwinter_US-WGO-5-5-6Y,1,0,-1
USwinter_US-WGT-1-9-10Y,1,0,-1
UnzeLondon_CS11223-35,1,0,-1
UnzeLondon_CS11224-30,1,0,-1
UnzeLondon_CS11224-32,1,0,-1
UnzeLondon_CS11266-2,1,0,-1
UnzeLondon_CS11300-11,1,0,-1
UnzeLondon_CS11302-7,1,0,-1
UnzeLondon_GS4353-11,1,0,-1
UnzeLondon_GS4354-8,1,0,-1
UnzeLondon_GS4666-9,1,0,-1
UnzeLondon_GS5346-6,1,0,-1
UnzeLondon_GS5348-10,1,0,-1
UnzeLondon_GS5348-9,1,0,-1
UnzeLondon_GS5401-11,1,0,-1
UnzeLondon_GS5419-10,1,0,-1
UnzeLondon_GS5682-11,1,0,-1
WB_T-75-M,1,0,-1
WT-70H3200-MG,1,0,-1
West Point_WF-2409GL,1,0,-1
West Point_Wf-6260,1,0,-1
Xenium_BM-2016186,1,0,-1
Xenium_PFF-2016140,1,0,-1
Xpert_XDW-60-1W,1,0,-1
Xpert_XGEO.70.1B,1,0,-1
Xpert_XRH-SB-90,1,0,-1
Z&A_ZEES-0045,1,0,-1
Z&A_ZEES-0128,1,0,-1
ZFMLL_AB Rocket Twister,1,0,-1
Zia_125K,1,0,-1
Zia_147A,1,0,-1
Zia_147P,3,2,-1
Zia_FQ8,1,0,-1
Zia_HS3,1,0,-1
Zia_TK13,1,0,-1
Zuk Z1-White-Karachi,1,0,-1
ag_nixor-Navy Blue Belt Pants for Class XI-XII-15 - 16 yrs-44 (2,1,0,-1
akl_A131133509_MS-10_Black,1,0,-1
akl_A131133519_MS-01_Beige,1,0,-1
akl_A132124674_GFSU1137-L,1,0,-1
akl_A132124674_GFSU1137-M,1,0,-1
akl_A132124689_GFSU1140-S,1,0,-1
alrafa_Amber-Dates-400g,1,0,-1
anex_AG 13,1,0,-1
ashbroe_ABLW-152(c,1,0,-1
asimjofaeanew_5A,1,0,-1
asimjofaeanew_5B,1,0,-1
audionic6-954217-566450,1,0,-1
audionic_6954217598734,1,0,-1
audionic_6954217689999,1,0,-1
audionic_6954217856834,1,0,-1
avent_SCF96822-IMS-global,1,0,-1
"aw_CN-1029-Heather Grey, Royal Blue, Red-M",1,0,-1
aw_Custom Shield Clear-14oz./413.7,1,0,-1
aw_ENGINE DEGREASER-15 oz.,1,0,-1
aw_Radiator Flush-300ml ,1,0,-1
aw_Ultra Shine Wash & Wax-64oz./1893ml ,2,1,-1
b&d_Food Processor & Factory F710,1,0,-1
b&d_Vacuum Cleaner VM1430,1,0,-1
babyw_$projector,1,0,-1
babyw_5710,1,0,-1
babyw_754,1,0,-1
babyw_9449,1,0,-1
babyw_BF-804B,1,0,-1
babyw_VT60813,1,0,-1
babyw_rompers$44,1,0,-1
barico_BS013-Large,1,0,-1
bata_bags_9056403-Black,1,0,-1
bata_wein-8838137-43-9,1,0,-1
bed&rest_Jeans 3D comforter Set,1,0,-1
bogo_2016,1,0,-1
braun_10000893_SE5680 BFS MEA ,1,0,-1
casio_BEM-506CD-1AVDF,1,0,-1
casio_GAC-110-1ADR,1,0,-1
casio_MTP-E303L-7AVDF,1,0,-1
casio_MTP-E305D-2AVDF,1,0,-1
casio_SHE-3803D-7AUDR,1,0,-1
casio_SHN-3013D-7ADR,1,0,-1
centrix_Scootify - Black Self Balancing Scooter,1,0,-1
centrix_Scootify - Blue  Self Balancing Scooter,1,0,-1
centrix_Scootify - Red Self Balancing Scooter,1,0,-1
cn_clc_ AS-1200,1,0,-1
cn_clc_ AS-120V-POR ASA HB,1,0,-1
cn_clc_ F718S BL,1,0,-1
col qadri_Sentinels In The Sky,1,0,-1
col_qadri_96989179647058,1,0,-1
coleman_205475,1,0,-1
contessa_CWC250,1,0,-1
corio_JC 01-40,1,0,-1
corio_JC 43-41,1,0,-1
corio_c101223-45,1,0,-1
cos_prfume_9,1,0,-1
cr_CASHEW NUT ROASTED-200 GM,4,3,-1
cr_WALNUT-500 GM,1,0,-1
culzado_TORRO-41,1,0,-1
dany_DB-140,1,0,-1
dawlance_91996 - H-ZONE PLUS Refrigerator with Dawlance MD-5 20L,1,0,-1
dawlance_91996-Cs,1,0,-1
dawlance_DW-9500,1,0,-1
dawlance_DW396HP,1,0,-1
dawlance_DW5200,1,0,-1
dawlance_DWF-1600A White,1,0,-1
dawlance_DWT-230A W,1,0,-1
dawlance_ES15 1.0 Ton AC,1,0,-1
dawlance_Inspire Plus 30 White,1,0,-1
dawlance_Inverter 30,1,0,-1
dawlance_LVS 30 18000BTU,1,0,-1
dawlance_MDS 9144,2,1,-1
dawlance_Microwave Oven MD-7 - 20 litres,1,0,-1
dawlance_Toscana30 INVERTER 1.5 Ton AC,1,0,-1
dawlance_VF-1035WB,1,0,-1
dawlance_VF-1035WB Silver,1,0,-1
dawlance_WM-5100 White,1,0,-1
duma_2055916556897,1,0,-1
dwf_Key Biscayne  SOB02-0014 Versus by Versace Watch,1,0,-1
dwm_City K2G271C3 Watch,1,0,-1
dwm_Masculine K2H27126 ,1,0,-1
dynasty_Kattan Full Suit-Blue,1,0,-1
dynasty_Snow Berry-Black,1,0,-1
dynasty_Snow Berry-White,1,0,-1
edifier_XM6-PF,1,0,-1
edukaan_200797,1,0,-1
edukaan_200957,1,0,-1
edukaan_201537,1,0,-1
edukaan_7013-A4 - 300 Pages,1,0,-1
edukaan_7040-A4 - 300 Pages,1,0,-1
edukaan_7067-A4 - 5 Subjects,1,0,-1
edukaan_7071-A4 - 6 Subjects,1,0,-1
edukaan_7083-A4 - 6 Subjects,1,0,-1
edukaan_7093-Medi - 200,1,0,-1
edukaan_7110-A4 - 300 Pages,1,0,-1
edukaan_7113-A4 - 6 Subjects,1,0,-1
emart_0-16,1,0,-1
emart_0-19,1,0,-1
emart_0-33,1,0,-1
emart_0-56,1,0,-1
emart_0-65,1,0,-1
emart_0-80,1,0,-1
emart_00-4,1,0,-1
emart_00-8,1,0,-1
emart_Nova Straightener + Curler ,1,0,-1
emo_Emo-VB-06 Navy Blue Blazer,1,0,-1
fitn_612524152129,1,0,-1
fitn_612524152136,1,0,-1
fitn_810390024742,1,0,-1
fitn_820103309769,1,0,-1
fitn_834266001606,2,1,-1
geha_ X 5 Paper Shredder,1,0,-1
greenroot_Diabetic Cure,3,2,-1
greenroot_Organic Honey (500 ml,1,0,-1
greenroot_Premature Grey Oil ,1,0,-1
haier_HSU-12LK-E8BL,1,0,-1
head_273074-UK 9,1,0,-1
head_273305-UK 10,1,0,-1
head_273305-UK 8,1,0,-1
hijabh_0121-C-752 (1,1,0,-1
hijabh_JILBAB-C (1,1,0,-1
himalayan_Horse Crystal Salt Lamp,1,0,-1
hol_D3,1,0,-1
how_DRAKE-44,1,0,-1
how_Zeppelin-41,1,0,-1
hyundai_HGS2500 ,1,0,-1
hyundai_HGS7250,1,0,-1
ihijab_CN017,1,0,-1
interwood_HA-D3314-40680,1,0,-1
interwood_HA-GBO111001-23598,1,0,-1
interwood_HA-R-COVINGTON-40010,1,0,-1
interwood_HF-01CHS-MG-39739,1,0,-1
interwood_HF-01CR1-HW-12021,1,0,-1
interwood_HF-01NOR-FW-39844,1,0,-1
interwood_HF-12CR-HW-11284,1,0,-1
interwood_HF-15LCRS-A-39655,1,0,-1
iphone_7-plus-32gb-wof-Gold,1,0,-1
itter_AB 1122,1,0,-1
itter_AB 1281,1,0,-1
itter_AB1241,1,0,-1
iu_Islamabad United Hoodie White-Islamabad,1,0,-1
jackpot_JP-13,1,0,-1
kansai_Cardinal Red,1,0,-1
kansai_Chalkboard Brush-On,1,0,-1
kansai_Frosted Glass,1,0,-1
kenwood_KEA1801,1,0,-1
lalqila_Chicken Karahi-550gm,1,0,-1
lamart_LMZ019,1,0,-1
lamp_Lamp Shade Umbrella 1 ,1,0,-1
ld_fruit-STRAWBERRY,1,0,-1
lenovo_20DF000QUE,1,0,-1
liberty_9780008100995,1,0,-1
liberty_9780062091581,1,0,-1
liberty_9780141037172,1,0,-1
liberty_9780199401932,1,0,-1
liberty_9780241955413,1,0,-1
liberty_9780349000084,1,0,-1
liberty_9780440867395,1,0,-1
liberty_9780446540759,1,0,-1
liberty_9780545549042,1,0,-1
liberty_9780719560057,1,0,-1
liberty_9780753828182,1,0,-1
liberty_9780857388384,1,0,-1
liberty_9780982423813,1,0,-1
liberty_9781409387060,1,0,-1
liberty_9781409507161,1,0,-1
liberty_9781445448015,1,0,-1
liberty_9781445448046,1,0,-1
liberty_9781450860482,1,0,-1
liberty_9781780975351,1,0,-1
liberty_9788129120946,1,0,-1
liberty_9788174367181,1,0,-1
liberty_9788184001716,1,0,-1
liberty_9789350290668,1,0,-1
liberty_9789351050100,1,0,-1
liberty_Navy Blue Pullover for Boys-16 yrs - above - Size 42,1,0,-1
lm_READERS DIGEST MONTHLY (ASIAN,2,1,-1
madela_CALMA,1,0,-1
majestic_Sage Green 15 Pieces Cookware,1,0,-1
mau_115173,1,0,-1
mitsubhisi_1.0 Ton - SRK-13CMK,1,0,-1
mm_AG-2032,1,0,-1
mm_AG-2098,1,0,-1
mm_AG-9031,1,0,-1
mm_Samsung Galaxy Note Edge N915,1,0,-1
naushemian_#0037-M,1,0,-1
nutrifactor_NF0025,5,4,-1
nutrifactor_NF003,1,0,-1
nutrifactor_NF0031,1,0,-1
orbit_Light Purple Sofia the First -4-6 yrs,1,0,-1
orient_32Inches-G6530-HDLEDTV,1,0,-1
orient_OM-30ARW,1,0,-1
oxford_9780195477115,1,0,-1
oxford_9780195793406,1,0,-1
oxford_9780199068524,1,0,-1
oxford_9780199401871,1,0,-1
pakistan_Pakistan Car Flag,1,0,-1
phub_Allure Homme Sport  by Chanel 100ml  EDT ,1,0,-1
phub_Armani 100ml  EDT ,1,0,-1
phub_Boss Bottled Night ,1,0,-1
phub_Desire Blue  by Dunhill 100ml  EDT ,1,0,-1
phub_Fahrenheit ,1,0,-1
phub_Hope  by Rasasi 75ml  EDP,1,0,-1
phub_Joop Homme Extreme 125ml  EDT ,1,0,-1
phub_L eau D issey  by Issey Miyake 100ml EDT,1,0,-1
phub_Legend Spirit by Mont Blanc 100ml  EDT,1,0,-1
phub_Light Blue  by Dolce & Gabbana 100ml EDT,1,0,-1
phub_One Million  by Paco Rabanne 100ml  EDT ,1,0,-1
phub_Pure Pioson  by Christian Dior 100ml EDP,1,0,-1
plk_PD/ 988 790 _61,1,0,-1
pny_OU3 -32GB,1,0,-1
progressive_9780857809940,1,0,-1
progressive_9781445420028,1,0,-1
progressive_9781445457970,1,0,-1
rebelz_Joy Joy 6 Subjects Notebook,1,0,-1
rebelz_Rainbow 4 Subjects Notebook ,1,0,-1
rebelz_Rainbow 6 Subjects Notebook ,1,0,-1
redspot_9789696230090,1,0,-1
redspot_9789696230182,1,0,-1
redspot_9789696230212,1,0,-1
redspot_9789696230243,1,0,-1
redspot_9789810517359,1,0,-1
redspot_9789810517397,1,0,-1
regal_0635-C-Fawn Multicolour -10,1,0,-1
renna_DC-BBP-GR,1,0,-1
rhythm_C1303L-02,1,0,-1
rhythm_G1107S-02,1,0,-1
rhythm_G1107S-03,1,0,-1
rhythm_G1201S-05,1,0,-1
rhythm_S1411S-03,1,0,-1
rhythmf_I1203S-02,1,0,-1
rs_Rehmat-e-Shereen Mix Halwa 2000gm,1,0,-1
rub_Rubian_Ultra-Slim Bluetooth Keyboard,1,0,-1
rub_Rubian_VR-Box With Remote,1,0,-1
rute2_2821,1,0,-1
rute2_3450,1,0,-1
rute2_3671,1,0,-1
rute2_6060,1,0,-1
rute2_Coenzyme Q-10 ,1,0,-1
s_tv_KDL-43W800C,1,0,-1
s_tv_KDL-48R562C,1,0,-1
s_tv_KDL-50W800C,1,0,-1
s_tv_KDL-60W600B,1,0,-1
samsungGALAXY J3 LTE DS QC,1,0,-1
samsungGALAXY J710F-2016 DS LTE,1,0,-1
samsung_ EO-EG920BW_76,1,0,-1
samsung_370,1,0,-1
samsung_40J5100,1,0,-1
"samsung_SUHD TVÃ‚Â  KS 8000 60""",1,0,-1
sanasafinaz_march16_11B-Nationwide Delivery,1,0,-1
sanasafinaz_march16_12A-Nationwide Delivery,1,0,-1
sanasafinaz_march16_12B-Nationwide Delivery,1,0,-1
sanasafinaz_march16_13A-Nationwide Delivery,1,0,-1
sanasafinaz_march16_1B-Nationwide Delivery,1,0,-1
sanasafinaz_march16_3A-Nationwide Delivery,1,0,-1
sanasafinaz_march16_4A-Nationwide Delivery,1,0,-1
sanasafinaz_march16_6B-Nationwide Delivery,1,0,-1
sanasafinaz_march16_7A-Nationwide Delivery,1,0,-1
sanasafinaz_march16_8A-Nationwide Delivery,1,0,-1
sanasafinaz_march16_8B-Nationwide Delivery,1,0,-1
sanasafinaz_march16_9B-Nationwide Delivery,1,0,-1
sapil_Sapil Nice Feelings Blue Men 75ML,1,0,-1
scent_CALVIN KLEIN FRESH 75ML,1,0,-1
sentiment_WCK04-A-,1,0,-1
shubinak_SWS14-JAK-1020-M/L,1,0,-1
shubinak_SWW-F14-017-L - 38,1,0,-1
shubinak_SWWF14-Kurta-011-M - 36,1,0,-1
sinbo_3467,1,0,-1
sinbo_4615,1,0,-1
sinbo_7052,1,0,-1
snap_Snap Home-care Kit,2,1,-1
sony_CMT-S20,1,0,-1
sony_DSLR-ILCE-6000L,1,0,-1
sony_DVP-SR370,1,0,-1
sputnik_4766/2-8,1,0,-1
sputnik_510/2-8,1,0,-1
sputnik_5505/14 25T-8,1,0,-1
sputnik_8073/14-11,1,0,-1
sst_Chakito-Regular fit-Medium,1,0,-1
sstop_etable,1,0,-1
sstop_iflashotg3in1,1,0,-1
ssw_WC-06 -Regular Fit Small,1,0,-1
ssw_WC-08-Regular Fit Large,1,0,-1
starlet_A208-18J-Black-44,1,0,-1
starlet_ST 16004-Khaki-44,1,0,-1
stinnos_1500,1,0,-1
stinnos_1549,1,0,-1
stinnos_568,1,0,-1
stinnos_670,1,0,-1
stinnos_742,1,0,-1
stinnos_776,4,3,-1
stinnos_901,1,0,-1
stinnos_A024-Anger,1,0,-1
stinnos_A040,1,0,-1
stinnos_A104,1,0,-1
stinnos_A115,1,0,-1
stinnos_A118,1,0,-1
stinnos_A122,1,0,-1
stinnos_A127,1,0,-1
stinnos_A134,1,0,-1
stinnos_A143,2,1,-1
stinnos_DressingSet1,1,0,-1
stinnos_EidDeal3,1,0,-1
stinnos_Winfun0804,1,0,-1
stinnos_WoodAlpha,1,0,-1
stoner_95160,1,0,-1
stripyinterior_100006,1,0,-1
stripyinterior_90002,1,0,-1
stripyinterior_90003,1,0,-1
swi_CP3360,1,0,-1
tcl_ 24 inch D2720 HD Ready LED TV,1,0,-1
texi tech_LCD Wall mount KIT 422840,1,0,-1
texi tech_Tool Kit 400077,1,0,-1
timex_T25771,1,0,-1
timex_T2P043,1,0,-1
timex_T2P045,1,0,-1
timex_T2P103,1,0,-1
timex_T2P232,1,0,-1
timex_T2P521,1,0,-1
timex_T49867,1,0,-1
timex_T49963,1,0,-1
timex_T49988,1,0,-1
timex_T5K560,1,0,-1
tmx_wtch_ T2N720_12,1,0,-1
tmx_wtch_T28201,1,0,-1
trzw_FRC-16-001-Fawn/Teal Blue-M,1,0,-1
tucano_IPD7AN-BK,1,0,-1
unze_GS5608 -Beige-9,1,0,-1
unze_GS5611 -Black-9,1,0,-1
unze_GS5628 -Black-10,1,0,-1
unze_GS5632 -Brown-6,1,0,-1
unze_GS5639 -Coffee-8,1,0,-1
unze_GS5640 -Black-9,1,0,-1
unze_GS5647 -Black-9,1,0,-1
vers_Elmore Skincare Basket,1,0,-1
vitamin_265 ,1,0,-1
vitamin_Dark Circles,1,0,-1
vitamin_Super Yohimbe 1000,1,0,-1
vitamin_Ultra Gainer,1,0,-1
vitamin_Ultra Whey Protein,1,0,-1
vitamin_Vita Fertility Men,1,0,-1
vitamin_Vita Growth,2,1,-1
vitamin_Vita Zinc,1,0,-1
ww_WAK-1-Orgional Wood Colour,1,0,-1
xenium_PC-201656,1,0,-1
zubairco_003577,1,0,-1
zubairco_37455_scissor,1,0,-1
zubairco_3d_bug,1,0,-1
zubairco_JOJI 2010 Pink,1,0,-1
zubairco_Schneider Xpress Pointersschneider xpress Pink,1,0,-1
zuni16_315-A,1,0,-1
zuni16_319-A,1,0,-1
AJ-bedsheet_AJB-003,1,1,0
Aladdin_Pair of Gold Star Rubber Coated Metal Dumbells - 5KG - S,1,1,0
Apple IMac 27-Inch 3.2GHz quad-core Intel Core i5,1,1,0
Audionic_ B-800,1,1,0
BO_rack-d-6x3,1,1,0
Baklawa_Baklava Almond Chocolate-1Kg,1,1,0
Baklawa_Baklava Mix-1Kg,1,1,0
Baklawa_Dhoda-1Kg,2,2,0
Baklawa_Mabroom Chocolate Cashew-1Kg,1,1,0
Bparcel_85W-SAFE1,1,1,0
Changhong Ruba 40 Inches D4000i Smart LED,5,5,0
Dawlance_9188 MDS,1,1,0
Edukaan_201560,1,1,0
Eglo_13359,1,1,0
FHM_ECLIPSE,3,3,0
Fidato Ankle High Boot 309-872-42,1,1,0
HOS-m_CKOM100,1,1,0
HOS_ELPIW100,1,1,0
HOS_GVYVIW75,1,1,0
HP_Laser P1102w Black,1,1,0
HP_Officejet 2540 Wireless (3-in-1,1,1,0
Haier_HWM 80-000,1,1,0
JBS_WEN-062,1,1,0
JBS_hcd-HON-020,1,1,0
Lacie_9000146,1,1,0
Liberty_9789384898991,1,1,0
Life source_YD-23,1,1,0
MACBOOK AIR 11INCH,3,3,0
MEGUIAR_A1214,1,1,0
MEGUIAR_G1001EU,1,1,0
MORG_GCS 22,1,1,0
Omega_Omega_17Pcs Non-Stick Cookware Set,2,2,0
Paramount_9780007155668,2,2,0
Paramount_9781107636828,1,1,0
Paramount_9781107638457,1,1,0
Paramount_9789696370666,1,1,0
RAJESH_RAJ183,1,1,0
RBC_9789694070872,1,1,0
RBC_Glimpses of Quaid-e-Azam,1,1,0
Rajesh_RAJ017,1,1,0
Rajesh_RAJ53,1,1,0
ReadersHeaven_9781849040495,1,1,0
Relaxer_LSP 01 A-Green,1,1,0
Relaxsit_RS-62,1,1,0
Ricoh_Projector PJ S2240,1,1,0
SCIFI_SC5811HSF-High School Musical ,2,2,0
SCIFI_SC6803HP-Hannah Montana,2,2,0
SNU_Es16e2-09,1,1,0
Samsung_S7 Edge-Black,3,3,0
Sigma_83430,1,1,0
Sony_DZ 950,2,2,0
TBG_TBG-S-V-016,1,1,0
Timex_TW2P61600,1,1,0
Turk & Fillmore_Super Natural I-brown-43,1,1,0
Turk & Fillmore_Super Natural I-brown-44,1,1,0
Turk & Fillmore_Super Natural II-44,1,1,0
VPN_VPN 600,1,1,0
Zia_363,1,1,0
Zia_ST8,1,1,0
audionic6-954217-561370,1,1,0
aw_Super Concentrated Fuel Injector (Black,2,2,0
babyw_1837,1,1,0
babyw_CH-11,2,2,0
delsey_Delsey Tuileries 2,1,1,0
electro_Humidifier,1,1,0
emart_0-47,1,1,0
emart_0-76,1,1,0
fitn_748927052237,1,1,0
fitn_834266001583,1,1,0
iphone-7-32gb-wof-Gold,1,1,0
jackpot_JP-7991,1,1,0
lamp_Lamp Shade Umbrella3S,1,1,0
lenovo_20DF000GUE,1,1,0
liberty_9780857531995,1,1,0
madela_HARMONY BREASTPUMP,1,1,0
redspot_9810477198,1,1,0
rhythm_G1105S-03,1,1,0
sapil_Sapil Passion Men 100ML,1,1,0
test-product-00,6,6,0
timex_T20501,1,1,0
tmx_wtch_T2N533,1,1,0
tucano_BLABK-B,1,1,0
4U_Service-KA 008,0,1,1
A4-Tech_7200N,0,1,1
A4-Tech_Keyboard-Mouse-Wireless-3100N,0,1,1
AJ-bedsheet_AJB-002,0,1,1
AKL_A01136167-AW-05-Maroon,0,1,1
AKL_A131135302-FW-11-Yellow,0,1,1
AKL_A131137868-SS-06-17,0,1,1
AKL_A132138255_GFSU1344-M,0,1,1
AL Khair_Baby Oil 50ml,0,1,1
ALK_FC-13-17-A131140054,0,1,1
AMT_AMT-6487,0,1,1
AT-Army-Dress-24,0,1,1
AT-FSM-35,0,1,1
AT-Frozen-Frock-XL,0,1,1
AT-early education wood card abc,0,1,1
AYS_32B8500,0,1,1
AYS_40U558,0,1,1
AYS_50U560,0,1,1
AYS_A-C -8-LNA,0,1,1
AYS_Gree-12cith2,0,1,1
AYS_Haier-18HNF,0,1,1
AYS_PEL-PINVC-18K-Invert-O-Cool,0,1,1
AYS_PEL-PRGD-130-Glass-Door-250,0,1,1
AYS_Split-Haier-12LNA,0,1,1
AYS_Split-Haier-18LNF,0,1,1
AYS_Split-Orient-19k7,0,1,1
AZD_HSU-12-HNB-DC-INVERTER-1-TON,0,1,1
Adata_Adata SSD-120 GB,0,1,1
Adata_Adata SSD-960GB,0,1,1
Ahan_wod0524,0,1,1
Al-Bakio_1B251,0,1,1
Al-Bakio_1B257,0,1,1
AlMuhafizMultaniSohanHalwa_Pista_2kg,0,1,1
Aladdin_12-Walker-W2607,0,1,1
Aladdin_75-Baby-Sports-Car-HD3667,0,1,1
Aladdin_Chrome Dumbbells Silver - 5kg,0,1,1
Aladdin_Non-Slip Yoga Mat - Blue,0,1,1
Aladdin_UMR_CM_1091,0,1,1
Aladdin_UMR_CM_1094,0,1,1
Aladdin_UMR_CM_1099,0,1,1
Alerashine_sku-09-XL,0,1,1
AmanJee_PB011,0,1,1
AmanJee_PB012,0,1,1
AmanJee_PB018,0,1,1
Arino_A-010-Tan-40,0,1,1
Arino_AF-008-42,0,1,1
Arino_BD-061-Brown-45,0,1,1
Arino_BD-064-Black-44,0,1,1
Arino_PS-001-Black-40,0,1,1
Assetboys_MD-1332-6-7Y,0,1,1
Assetmen_MD-069-C-BLUE-32,0,1,1
Atalian _1387.1-Brown-42,0,1,1
Atalian _BK17.02-Black-44,0,1,1
Atalian _BK17.50-Black-41,0,1,1
Atalian _DV206A-Black-41,0,1,1
Atalian _DV206A-Brown-41,0,1,1
Atalian _Ex64-Black-44,0,1,1
Atalian _Ex64-Brown-40,0,1,1
Atalian _Pesh51-Black-9,0,1,1
Atlas_AT-1500-180W,0,1,1
Audionic_ B-770,1,2,1
Audionic_6-954217-510248,0,1,1
Audionic_AD-7500-Black,0,1,1
Audionic_Mehfil MH-150,0,1,1
Audionic_REX-5-T-50,0,1,1
B-power_8281076-42,0,1,1
BBS_M002,0,1,1
BBS_M007,1,2,1
BB_Black Artificial Leather Lounger,0,1,1
BB_Red & Black Football Design Beanbag,0,1,1
BE_AUTO COOL,0,1,1
BE_BRAUN SILK-EPIL 1-81,0,1,1
BE_REMINGTON - S0999-86,0,1,1
BE_nikai 7in1 - model 580-80,0,1,1
BHA_K.E-14000,0,1,1
BHA_K.E-7500+,0,1,1
BO_66106,0,1,1
BO_Pack of 6 - Non-Stick Cooking Utensils - Black,0,1,1
BO_playblocks-CR-20,0,1,1
BO_rack-c-6x3,0,1,1
BO_rack-e-5x3,0,1,1
BO_wardrob-A-5x3,0,1,1
BP_BS29884-32,0,1,1
BP_FA00571,0,1,1
BP_FA04112,0,1,1
BP_FA04114,0,1,1
BP_FA23344,0,1,1
BP_FA31587,0,1,1
BP_FA35468,0,1,1
BP_GA33224-2-3 Years,0,1,1
BP_GA35029-9-10 Years,0,1,1
BP_GS36200-22,0,1,1
BP_PS00296,0,1,1
BP_PS00398,0,1,1
BP_PS00398-Transportation,0,1,1
BP_PS03913,0,1,1
BP_PS03940-Pink,0,1,1
BP_PS17548,0,1,1
BP_PS25067,0,1,1
BP_PS26932-Green,0,1,1
BP_PS31338,0,1,1
BP_SP06388,0,1,1
BP_TO27616,0,1,1
BP_TO35624,0,1,1
BP_TO35628,0,1,1
BParcel_DIGITAL to ANALOG-BLACK,0,1,1
BParcel_MXV 1+8G-BLACK,0,1,1
BParcel_Q7 2G+8G-BLACK,0,1,1
BParcel_Q7S WITH Webcam 2G+8G-BLACK,0,1,1
BParcel_TOUCHPAD S1-BLACK,0,1,1
Baklawa_Anjeer Pak-1Kg,0,1,1
Baklawa_Asabea Cashew-1Kg,0,1,1
Baklawa_Asawar Almond-1Kg,0,1,1
Baklawa_Ashe Bul Bul Chocolate -1Kg,0,1,1
Baklawa_Baklava Sugar Free-1Kg,0,1,1
Baklawa_Khajoor Pak-1Kg,0,1,1
Baklawa_Plain Hareesa-1Kg,0,1,1
Base_1607,0,1,1
Base_26842,0,1,1
Base_4350,0,1,1
Bata_8386001-44,0,1,1
Bata_8811271-White-42,0,1,1
Bata_8816275-Black-40,0,1,1
Bata_Bfirst-2891015-28-10,0,1,1
Bata_Bfirst-3511015-28-10,0,1,1
Bata_Power-8386002-44-10,0,1,1
Bata_Power-8386003-42-8,0,1,1
Bellona_BDC7,0,1,1
Blooming_Round Neck Tees-8 to 9 Years,0,1,1
Bparcel_8460P,0,1,1
Bparcel_BPS35,0,1,1
Bparcel_N4050-9CELL,0,1,1
Brumano_0-31-0000-173-2-Blue-XL,0,1,1
Butt_Pista-Multani-Halwa,0,1,1
CITYN_White Shirt with Full Sleeves-13 - 14 yrs - Size M,0,1,1
CITY_White Shirt Half Sleeves Prep to X-5 - 6.5 yrs - Size 22,0,1,1
CL168_R&I_Generator 5KVG,0,1,1
CL98_gree_12CZ8,0,1,1
CLICK ON_CK3245,0,1,1
CUR_CUD-32,0,1,1
CUR_CUD-69,0,1,1
Campingaz_205584,0,1,1
Castillo_408-CRWBlue-L,0,1,1
Castillo_CK-745-Green-42,0,1,1
ChannelSpeakerSystem_HT31 2.1,0,1,1
Charizma_CS-11-Parrot Green,0,1,1
Charizma_CV-14,0,1,1
Charizma_CV-17,0,1,1
Charizma_DG35,0,1,1
Charizma_DG36,0,1,1
Charizma_DG40,0,1,1
Charizma_SR 36,0,1,1
Closet_CL5-M,0,1,1
Corio_C-101348 - BROWN-45,0,1,1
Ctees_CK-HP5-M,0,1,1
Ctees_CK-SUP-L,0,1,1
Ctees_CK-SUP-M,0,1,1
DR_DRPC001A-11,0,1,1
Dany51234689524378912346,0,1,1
Dany_Masti-8 ,0,1,1
Dawlance_9144-MDS,0,1,1
Dawlance_9166WB - MDS,0,1,1
Dawlance_DW-131 HP,0,1,1
Dawlance_Inspire-Plus-Inverter-15-Champagne,0,1,1
Dawlance_Inspire-Plus-Inverter-30-brown,0,1,1
Dell_Inspiron-15-5567-ci5,0,1,1
Delsey_223955600,0,1,1
Delsey_24083008,0,1,1
Delsey_384182100,0,1,1
Delsey_8903338054375,0,1,1
Delsey_8903338058489,0,1,1
Delsey_94526111,0,1,1
Dermalogica_666151001909,0,1,1
ES_G-23-Mustard-47,0,1,1
ES_P-9-Black-42,0,1,1
Eaget_Silver 16GB OTG USB,0,1,1
Eco Star_43U558,0,1,1
Edenrobe_BTKS-17-3432-4-5 Years,0,1,1
Edge-wc_ED-WC-011,0,1,1
Edukaan_201540,0,1,1
Egala_EGA-12CTS-M-M,0,1,1
Eglo_3890,0,1,1
Enviro_ENR-25XDG2,0,1,1
Epson_L1300,0,1,1
FHM_BOXTER1,1,2,1
FHM_DREAMER,0,1,1
FHM_HIGH POINT TABLE SET,0,1,1
FT_FT-BT-G-01-30,0,1,1
Fantastic_FT-1115,0,1,1
Fantastic_FT-1117,0,1,1
Fantastic_FT-27,0,1,1
Fantastic_FT-41,0,1,1
Fidato Ankle High Boot 309-872-40,0,1,1
Fidato_549-872-B-40,0,1,1
Fpakistan_FP045,0,1,1
GA_AJRAK T-200 - 114664,0,1,1
GA_AS-03-136185,0,1,1
GA_CL-221-A-136077,0,1,1
GA_CL-244 A-136021,0,1,1
GA_CT-204-136125,0,1,1
GA_CT-211-136128,0,1,1
GA_CT-213-138180,0,1,1
GA_CT-225-136161,0,1,1
GA_Charcoal T-150 - 133584,0,1,1
GA_Dewberry T-200 - 133696,0,1,1
GA_ECLIPSE T-300 - 122758,0,1,1
GA_ELAN T-300 - 114737,0,1,1
GA_FE-42-141217,0,1,1
GA_FE-50-141225,0,1,1
GA_FE-58-141233,0,1,1
GA_FE-67-141242,0,1,1
GA_FE-68-141243,0,1,1
GA_GT-03-141175,0,1,1
GA_KP-1284 - 141708-M,0,1,1
GA_PM-132-136186,0,1,1
GA_PM-155-136193,0,1,1
GA_PM-157-136194,0,1,1
GA_PM-165-136201,0,1,1
GA_PM-167-136202,0,1,1
GA_PM-170-136205,0,1,1
GA_PM-171-136206,0,1,1
GA_PM-172-136207,0,1,1
GA_PM-201-137348,0,1,1
GA_Persian Red T-200 - 133785,0,1,1
GA_REGAL EMPEROR T-300 - 106010,0,1,1
GA_SARANG T-200 - 114654,0,1,1
GA_SL-260-136112,0,1,1
GA_SS-126-136163,0,1,1
GBHII_GM191-Brown-Brown-8,0,1,1
GBHII_GM6-Brown-Brown-8,0,1,1
GBHII_GS545-Black-8,0,1,1
GBHII_GS820-Black-Black-7,0,1,1
GBHII_GS9-MUSTARD-MUSTARD-8,0,1,1
GBHII_GS9-MUSTARD-MUSTARD-9,0,1,1
GCU_EasyMate,0,1,1
GC_GCS046,0,1,1
GC_GCS058,0,1,1
GFC_Ceiling Awami,0,1,1
GFC_Ceiling Nabeel,0,1,1
GFC_Pedestal Myga Cross Base (Special Guard,0,1,1
GFE_16_FullHDcarDVR,0,1,1
GL_1055,0,1,1
GMZV_1005,0,1,1
GMZV_FIFA 17 XBOX ONE,0,1,1
GMZV_PS4 VR Headset Bundle,0,1,1
GMZV_SONY-MICHAEL JACKSON-THE EXPERIENCE PS3,0,1,1
GMZV_Ubisoft Assassin Creed Syndicate - PS4,0,1,1
GMZV_Xbox One PAL-500GB - Black,0,1,1
GO-Girl_694010,0,1,1
GO-Girl_694810,0,1,1
GSW_PG-9025-Bluetooth,0,1,1
Geepas_GH8626,0,1,1
Geepas_GHB1661,0,1,1
Geepas_GMO1885,0,1,1
Geepas_GTR6229,0,1,1
Genius_DX-6810-red,0,1,1
Genius_DX-7010-Red,0,1,1
Genius_Imperator-Pro-Black,0,1,1
Gloria_1607,0,1,1
Gmart_Forerunner735XT 3,0,1,1
Gshop_D32,0,1,1
Gshop_D35,0,1,1
Gshop_D38,0,1,1
HAIER_HSU-18HNH,0,1,1
HAS_1022,0,1,1
HAS_1023,0,1,1
HAS_1030,0,1,1
HAS_2004,0,1,1
HAS_EasyCap USB ,0,1,1
HAS_Remax-WA-S06,0,1,1
HBW_1513072,0,1,1
HOS-M_CKOSM100,0,1,1
HOS-m_AZZLEGM100,0,1,1
HOS-m_CDHM100,0,1,1
HOS-m_CKI2UM100,0,1,1
HOS-m_RLSAFM125,0,1,1
HOS-m_VEREFM100,0,1,1
HOS_BVLOAW65,0,1,1
HOS_CDDJW100,0,1,1
HOS_CNN5W100,0,1,1
HOS_DNGPF100,0,1,1
HP_15AY-15-Ay105NE-ci5,0,1,1
HP_15AY-15-Ay189NIA-ci5,0,1,1
HP_Core-i5-6200U,0,1,1
HP_HD-Corei5-6200U2-3GHz-1TB-HDD,0,1,1
HP_Laser Color 252n,0,1,1
HP_MFP-M227fdw,0,1,1
HP_Monitor-V193,0,1,1
HP_Officejet 7612 A3 (4-in-1,0,1,1
HP_PRINTER-LJ-M102AW,0,1,1
HP_Printer-2130,0,1,1
HP_i3-7100U,0,1,1
Haier_1.5 Ton Split Air Conditioner - HSU-18LKE,0,1,1
Haier_HSU-24-HNH,0,1,1
Haier_HWM 100 AS/BS,0,1,1
Head_811075-L,0,1,1
Herbo Natural_30,0,1,1
Herbo Natural_5,0,1,1
Herbo Natural_6,0,1,1
Homage_Cream White Water Dispenser with Refrigerator Cabinet - H,0,1,1
Homeage_HWM-920,0,1,1
Horsie_HK 305,0,1,1
Horsie_HK 310,0,1,1
IKEA_221916,0,1,1
IKEA_315284,0,1,1
IKEA_40103751,0,1,1
IKEA_70272059,0,1,1
IKEA_90282180,0,1,1
IMAC 21.5-INCH 2.7GHZ QUAD CORE i5,0,1,1
ISN_Concentrated-Chocolate,0,1,1
ISN_Concentrated-Vanilla-2lbs,0,1,1
Iamofficial_ IAM-NB218,0,1,1
Iamofficial_IAM-0091,0,1,1
Ifitness_Ab-King-pros,0,1,1
Ifitness_Golden-Star,0,1,1
Ifitness_JS9.4A,0,1,1
Ifitness_Mini-Bike,0,1,1
Ifitness_RT112,0,1,1
J&J_JJ-029,0,1,1
J&J_JJCN-023,0,1,1
JBS_CRY-024,0,1,1
JBS_OXO-081,0,1,1
JBS_SZ-049,0,1,1
JBS_TAT-019,0,1,1
JBS_TAT-121,0,1,1
JBS_TAT-126,0,1,1
JBS_TAT-194,0,1,1
JBS_TAT-224,0,1,1
JBS_TAT-225,0,1,1
JBS_WEN-034,0,1,1
JBS_WEN-117,0,1,1
JBS_WEN-123,0,1,1
JBS_WEN-194,0,1,1
JBS_hcd-HON-018,0,1,1
JT_W-11,0,1,1
JT_W-27,0,1,1
JT_W-28,0,1,1
Jaza_Premium5kg+FOC,0,1,1
Julbo_ J370122,0,1,1
KC_88 brown-M,0,1,1
KI_2185AKBC,0,1,1
KI_bedsheet-2001blgbs,0,1,1
Kansai_Auto Acrylic Clear Gloss,0,1,1
Kansai_Auto_Camouflag_Olive,0,1,1
Kansai_Cleaner_Dry PTEF,0,1,1
Kansai_High Heat Auto _ Aluminium,0,1,1
Kansai_RockGuard,0,1,1
Kashmina_KSH-WO-NC1-JD-P1,0,1,1
Kenwood_1.5 Ton White ESense Split Air Conditioner - HSU-18LKE,0,1,1
Kenwood_KDC-1214,0,1,1
Kenwood_KDC-1814,0,1,1
Kenwood_KDC-2413,0,1,1
Kenwood_KEE-240-F,0,1,1
Kenwood_KLV-1815,0,1,1
Kenwood_White Semi Automatic Washing Machine - KWM-1014,0,1,1
KureshiC_046-kemei,0,1,1
KureshiC_083-kemi,0,1,1
KureshiC_230-bat,0,1,1
LC_3349668508587,0,1,1
LC_8002135125995,0,1,1
LC_8411061602522,0,1,1
LM_BS1052-6-7 Years,0,1,1
LM_BST356-6-9 M,0,1,1
LS_8429671350559,0,1,1
Lacie_LAC9000633-4TB,0,1,1
Lacie_STEX6000300-6TB,0,1,1
Laitalio_Black Bruno Footmark-42,0,1,1
Laitalio_Tan Edward Footmark-44,0,1,1
LenovoB5180-i7,0,1,1
Lenovo_80QB005UUE,0,1,1
Lenovo_Lenovo Topload,0,1,1
Lenovo_YOGA 500-I5,0,1,1
Lenovo_v310-310-ci3,0,1,1
Lenovo_v310-310-ci5,0,1,1
Liberty_9780007436187,0,1,1
Liberty_9788174368942,0,1,1
Life source_FINGER PULSE OXIMETER,0,1,1
Life source_LS-5001,2,3,1
Logitech_Logitech Ipad Air Keyboard Cover Connector-white,0,1,1
Logitech_LogitechK400Plus,0,1,1
Loreal_Revitalift Laser X3 Serum - 30 ml,0,1,1
MACBOOK PRO 13-INCH 2.5GHZ 8GBDDR3L,2,3,1
MACBOOK PRO 15-INCH 2.2GHZ QuadCore i7,6,7,1
MEGUIAR_G14512,0,1,1
MEGUIAR_G18211,2,3,1
MEGUIAR_G3200,0,1,1
MEGUIAR_G36516,0,1,1
MEGUIAR_G6207,0,1,1
MEGUIAR_X1025EU,0,1,1
MEGUIAR_X2020EU,0,1,1
MMS_GS 808,0,1,1
MOA_Dark Grey Uniform Belt Pants-Size L 42 - W 32,0,1,1
MORG_GCS 12,0,1,1
MORG_GCS 17,0,1,1
MORG_GCS 41,0,1,1
MS_BRA00611-32A,0,1,1
Mannan_Leather_tie_clip,0,1,1
Mannan_leather_file_book,0,1,1
Mausummery_0001555-SUT-AQU,0,1,1
Monocruiser_BL-118AR - Green,0,1,1
Monocruiser_BL-318C Bike,0,1,1
Monocruiser_CLB Z676 AR Audi,0,1,1
Monocruiser_JY D03,0,1,1
MoosaE_CT002,0,1,1
Motifz_1668-CHOCLATE,0,1,1
MotoZ-White-Fine Gold,0,1,1
MotoZPlay -Black,0,1,1
MotoZPlay-White ,0,1,1
Moulinex _A320,0,1,1
Mtech_Combo-of-1-MXQ-Pro,0,1,1
Nurai-MD-1818-3-4 yrs,0,1,1
OKM_EL-150 Lambs Pullover-BROWN-40,0,1,1
OKM_F-32 Lambs Coat-VISO-38,0,1,1
OKM_GL-195 LAMBS S/L-BLUE-42,0,1,1
Omega_Omega_9Pcs Non-Stick Cookware Set,1,2,1
Omron_HBF-508-E,0,1,1
Omron_HEM-7131-E,0,1,1
Omron_HN-289-E,0,1,1
Orient_32inchL6982,0,1,1
Orient_50G6520,0,1,1
P&P_9695420176,0,1,1
P&P_MPEUIJ78985,0,1,1
PBG_D-1033,0,1,1
PBG_D-1041,0,1,1
PBG_D-1415,0,1,1
PGC_White and Blue Pin Striped Girls-13 - 14 yrs - Size 38,0,1,1
PMA_9789810191412,0,1,1
PNG_Pampers_10003447-Hazir,0,1,1
PNG_Pampers_10003450-Hazir,0,1,1
Panasonic_Black-32-Inches-LED,0,1,1
Paramount_9694941660,0,1,1
Paramount_9780857200747,0,1,1
Paramount_9781107614505,0,1,1
Paramount_9781444112672,0,1,1
Paramount_9781444112696,0,1,1
Paramount_9781444146509,0,1,1
Paramount_9789694945460,0,1,1
Paramount_9789694945798,0,1,1
Paramount_9789694947679,0,1,1
Paramount_9789694948720,0,1,1
Paramount_9789694949963,0,1,1
Paramount_9789696370178,0,1,1
Paramount_9789696370420,0,1,1
Paramount_9789696370758,0,1,1
Paramount_9789696371168,0,1,1
Paramount_9789696371182,1,2,1
Paramount_9789696371342,0,1,1
Paramount_9789696371410,0,1,1
Paramount_9789696371588,0,1,1
Paramount_9789814147934,0,1,1
Paramount_9789814237642,0,1,1
Paramount_9814070246,0,1,1
Payer_Payer-Shaver,0,1,1
Planet X_stinnos_776,0,1,1
PlanetX_AG-9001,0,1,1
PlanetX_AG-9050,0,1,1
PlanetX_PO-9043,0,1,1
PlanetX_PX-9020,0,1,1
PlanetX_PX-9047,0,1,1
PlanetX_PX-9079,0,1,1
PlanetX_PX-9093,0,1,1
PlanetX_PX-9126,0,1,1
PlanetX_PX-9145,0,1,1
PlanetX_PX-9152,0,1,1
PlanetX_PX-9162,0,1,1
PlanetX_PX-9177,0,1,1
PlanetX_PX-9178,0,1,1
PlanetX_PX-9210,0,1,1
PlanetX_PX-9260,0,1,1
PlanetX_PX-9280,0,1,1
PlanetX_PX-9307,0,1,1
PlanetX_PX-9326,0,1,1
PlanetX_SS-9020,0,1,1
Posh_Black Double Collar -14.5,0,1,1
Prime_MMJ-KHAKI-M,0,1,1
Prime_T12-BLACK-L,0,1,1
Progressive_9781472382535,0,1,1
Progressive_9781472390035,0,1,1
Progressive_9781742488103,0,1,1
Progressive_9781922152183,0,1,1
PucaM_Avis -Navy Blue -41,0,1,1
PucaM_FLYNET NAVY-40,0,1,1
PucaM_SS-02-RED BLACK-39,0,1,1
PucaM_SS-2709-NAVY RED-40,0,1,1
Pzalmi_FS-1-XL,0,1,1
Q Mobile M-200,0,1,1
Qmobile B65,0,1,1
R&I_HGR 6.05 KV D,0,1,1
R&I_HWD 63 ( 2 tap with ref,0,1,1
R&I_KWM 1012 SA,0,1,1
RAJESH_RAJ142,0,1,1
RAJESH_RAJ162,0,1,1
RAJESH_RAJ219,0,1,1
RAJESH_RAJ221,0,1,1
RAJESH_TE327SP1INSPKNAFAMZ,0,1,1
RBC_9789694073006,0,1,1
RBT_RB-0027,0,1,1
RBT_RB-004-3pcs,0,1,1
RBT_RB-006,0,1,1
RCP_RCPA-5PoloPC-Y-XL,0,1,1
RMSON_PA3251F MW WH,0,1,1
RMSON_TL0390 MG BK,0,1,1
RMSON_TL4201 MW BU,0,1,1
RMSON_TM0361 MC WH,0,1,1
RM_LG P246SQ,0,1,1
RM_Panasonic-K18PKF,0,1,1
RM_Panasonic-SC-HT31,0,1,1
RM_Panasonic-TH-49D310M,0,1,1
RM_Sony-BDP-S1500,0,1,1
RM_Sony-DSC-HX400,0,1,1
RM_Sony-DSLR-ILCE-5100Y,0,1,1
RM_Sony-DVP-SR760,0,1,1
RM_Sony-VPL-EW235,0,1,1
RM_Sony-VPL-EW295,0,1,1
RS_Soan Papri-500gm,19,20,1
RUBD_HSU-18 LTE 1.5 Ton AC,0,1,1
RUBD_LE-40 inches - LED - HD Ready,0,1,1
Rajesh_RAJ008,0,1,1
Rajesh_RAJ0387,0,1,1
Rajesh_RAJ0392,0,1,1
Rajesh_RAJ55,0,1,1
Rajesh_RAJ69,0,1,1
ReadersHeaven_9781408852569,0,1,1
RealLeather1135_medium_black,0,1,1
Ref_AMBASSADOR 1165 Tan-43,0,1,1
Ref_Frankfort 2065-Soya-43,0,1,1
Ref_James-B 1146-Black -40,0,1,1
Ref_K2 1161 Olive-44,0,1,1
Ref_Paris 1155 Black-44,0,1,1
Ref_Top man 1111-black-42,0,1,1
Ref_Top man 1113-Tan-43,0,1,1
Ref_Top man 1114-black-43,0,1,1
Regal_549-C-BLACK-6,0,1,1
Relaxsit_RS-33,0,1,1
Relaxsit_RS-36,0,1,1
Relaxsit_RS-47,1,2,1
Relaxsit_RS-53,0,1,1
Relaxsit_RS-57,2,3,1
Relaxsit_RS-60,0,1,1
Relaxsit_RS-63,0,1,1
Ricoh_Black Laser SP-210SF (4 in 1,0,1,1
Ricoh_Color GELJET SG-3120B SFN (wireless with Battery,0,1,1
SAB_SI-218-XL,0,1,1
SCIFI_Disney Beauty_SC3334SIP,0,1,1
SCIFI_SC39805-Sci-Fi ,0,1,1
SCIFI_SC4520SBP-Sponge Bob ,0,1,1
SCIFI_SC4520TNE-Ben 10 ,0,1,1
SCIFI_SC5811FCM-Barcelona ,0,1,1
SCIFI_True Honor _SC5810CKA,0,1,1
SFEVER_CA488HB0V4HJONAFAMZ,0,1,1
SFEVER_CH369HB0EHEHSNAFAMZ,0,1,1
SFEVER_CK370HB02S8DONAFAMZ,0,1,1
SFEVER_GI377HB01ZASGNAFAMZ,0,1,1
SFEVER_GU378HB0MW1K0NAFAMZ,0,1,1
SFEVER_GU378HB18MA4KNAFAMZ,0,1,1
SFEVER_HU379HB0845HGNAFAMZ,0,1,1
SFEVER_MP210,0,1,1
SFEVER_MP213,0,1,1
SIR_Pack-of-3-Dust-Wet-Dolly-Mop-Set-DWD ,0,1,1
SMART_Light Green Kameez 3/4-16 yrs - above - Size 44,0,1,1
SMART_Light Green Shirt Half Sleeves-5 - 6.5 yrs - Size 22,0,1,1
SMA_CSV-SM,0,1,1
SN-SP_Ajwa_800gm,0,1,1
SNU_IM17C08,0,1,1
SNU_NA16E2-04,1,2,1
SNU_SairaRizwanSR16W05,0,1,1
SNU_ay16e-1a-Grey,0,1,1
SNU_ay16e-2A-Black,0,1,1
STBB_Sindh Text Book Syllabus Class 2,0,1,1
ST_M8820_73,0,1,1
SUPER ASIA_GH 106-SUPER SAVER SERIES 6 LITERS,0,1,1
SUPER ASIA_GH 112-SUPER SAVER SERIES 12 LITERS,0,1,1
SUPER ASIA_GH 535-35 GLN CAPACITY,0,1,1
SUPER ASIA_SA WC 60-ELECTRIC WATER COOLER PLASTIC BODY (60 GALLO,0,1,1
Samsung_32inchesK4000,0,1,1
Samsung_32inchesK5100,0,1,1
Samsung_40K5300,0,1,1
Samsung_48inchesJ5000,0,1,1
Samsung_48inchesK5000,0,1,1
Samsung_49K5300,0,1,1
Samsung_55inchesK5300,0,1,1
Samsung_55inchesK6500,0,1,1
Samsung_55inchesKS8500,0,1,1
Samsung_60KS8000,0,1,1
Samsung_65KU7000,0,1,1
Samsung_A7-2017-Black,0,1,1
Samsung_Galaxy_S8_Plus_Gray,0,1,1
Samsung_RSA1STMG,0,1,1
Samsung_RT85K7110SL,0,1,1
Samsung_Samsung32InchK4000,0,1,1
Sapphire_US0678,0,1,1
Sapphire_US0679,0,1,1
Seagate_STEA2000400,0,1,1
Shark_E540,0,1,1
Shark_G36,0,1,1
Shark_LG50,0,1,1
Sigma_1947,0,1,1
Sigma_5315,0,1,1
Sigma_54919,1,2,1
Sigma_5535,0,1,1
Sigma_58542,0,1,1
Sigma_6052,0,1,1
Sigma_64825,0,1,1
StPat_Belt Pant_14 - 15 yrs-Size 40/34,0,1,1
StPat_Grey Shirt Full Sleeve Morning and A-Level-14 - 15 yrs - S,0,1,1
StPaul_Grey Elastic Pant-Primary-Secondary-8 - 9 yrs,0,1,1
Strader_NT1150,0,1,1
StripyInterior_Diamond Janamaz -003,0,1,1
Surmawala_Haier-12ECO-Air-Conditioner-White,0,1,1
Surmawala_Haier-HDF-385H,0,1,1
Surmawala_Haier-HSU-12HN-Air-Conditioner-White,0,1,1
Surmawala_Haier-HWM-120-35FF-Washing-Machine-Grey,0,1,1
Surmawala_Haier-HWM85-7288-Washing-Machine-White,0,1,1
Surmawala_Orient-68635-IP-Refrigerator-Silver-Grey,0,1,1
Surmawala_PEL-PRA-160-Refrigerator-Silver,0,1,1
Surmawala_PEL-PRAS-2500-Refrigerator-Grey,0,1,1
Swatch_SVCG4000AG,0,1,1
Swatch_YAS407,0,1,1
Swatch_YOS413,0,1,1
Swatch_YVS420,0,1,1
TBG_AV-B-01-Golden,0,1,1
TBG_AV-B-02-Maroon,0,1,1
TBG_AV-B-05-Multi Color,0,1,1
TBG_AV-B-07-Golden,0,1,1
TBG_AV-B-08-Multi,0,1,1
TBG_AV-S-044-Black,0,1,1
TBG_AV-S-047-Golden & White,0,1,1
TCB_Supreme BD 0016-L,0,1,1
TCB_Supreme GD 005-M,0,1,1
TCF_Donate-a-Set-of-School-Books,0,1,1
TCL_TCL32InchD2900,0,1,1
TCM_Model-TB13-335x190x130mm,0,1,1
TKS_m962-5-6 Years,0,1,1
TKS_m967-9-12 Months,0,1,1
TKS_m969-10-12 Yrs,0,1,1
TKS_m969-2 to 3 Years,0,1,1
TKS_m969-8-10 Years,0,1,1
TO_006- ETERNITY FOR MEN,0,1,1
TP-Link_Router-WR-840N,0,1,1
TP-Link_Router-WR-845N,0,1,1
TSS_Khaki Elastic Pants-6 - 7 yrs - Size 28,0,1,1
Tajdaar_Ramzan-Bundle-2-Buy-1-pack,0,1,1
Tcreation_TC-01-XL,0,1,1
Telemall_ASA Gym-Ball-85cm,0,1,1
Telemall_MM-PC-0007,1,2,1
Timb-mens_23061-10,0,1,1
Timb-women_8408B-5.5,0,1,1
Timb-women_8408B-6,0,1,1
Timex_A500,0,1,1
Timex_A501,0,1,1
Timex_A503,0,1,1
Timex_L502,0,1,1
Timex_T2P383,0,1,1
Timex_T49925,0,1,1
Timex_T49990,0,1,1
Timex_TI000W20300,0,1,1
Timex_TW00PR205,0,1,1
Timex_TW0TG5904,0,1,1
Timex_TW2P72500,0,1,1
Timex_TW2P75300,0,1,1
Timex_TW2P79500,0,1,1
Timex_TW2P80800,0,1,1
Timex_TW2P90900,0,1,1
Timex_TW4B01500,0,1,1
Timex_TWEG14900,0,1,1
Timex_TWEG15005,0,1,1
Tiraaz_Tm-02-016-M,0,1,1
Tmall_ASA269,0,1,1
Tmall_BFCombo 2_Yoya Mat & Skipping rope-Green,0,1,1
Tmall_BinocularCamera,0,1,1
Tmall_DermaSeta-1,0,1,1
Tmall_DiaCure Plus,0,1,1
Tmall_MM_Arzulex_BBQ_Grill_Pan,0,1,1
Tmall_MM_Sonex_Cookware_Set,0,1,1
Tmall_SmartPen,0,1,1
Tmall_Yoga_mat_Wheel_Combo,0,1,1
Tommy_1791102,0,1,1
Topline_Economics,0,1,1
Topline_Rashid Minhas,1,2,1
Toyworld_TW-100,0,1,1
Toyworld_TW-195,0,1,1
Toyworld_TW-213,0,1,1
Toyworld_TW-222,0,1,1
Toyworld_TW-243,0,1,1
Toyworld_TW-99,0,1,1
Trans2_LW 21Ã‚Â ,0,1,1
Trans_LW 32-3-6 Month,0,1,1
Transcend_ TS2TSJ25H3B,0,1,1
Transcend_TS16GJF820G,0,1,1
Transcend_TS2TSJ25H3P,0,1,1
Transcend_TS4TSJ35T3,0,1,1
Trendz-TR-0330,0,1,1
Trendz-TR-0337,0,1,1
Trendz-TR-0340,0,1,1
Trendz_TR-0035,0,1,1
Trendz_TR-0201,0,1,1
Truck Art Tea Pot,0,1,1
Truck Art Watering can,0,1,1
Turbo_100208 Multicolor,0,1,1
Turk & Fillmore The Hook-45-11,0,1,1
Turk & Fillmore_Super Natural I-brown-40,1,2,1
Turk & Fillmore_hutchence Tan brown-43,0,1,1
UG_WP3,0,1,1
UNEL_Kenwood eInspire  1.5Ton,0,1,1
UNEL_Orie nt 32 Inch L-4132/4143,0,1,1
US-MSK-13-3T,0,1,1
US-USSG16-DRESS-12-4T,0,1,1
VPN_VPN 702-B,0,1,1
Value Shop_VS020-Purple,0,1,1
Victorinox_  HUNSTMAN RED,0,1,1
WD_2 BAY NAS WD-16TB,0,1,1
WD_WD - MP - 1TB,0,1,1
WD_WD - MP - 2TB,0,1,1
WSM_Black-LCD-Backup-Rear,0,1,1
WW_WT-SB-1,0,1,1
West Point_WF-929,0,1,1
Xenium_PWZ-20166,0,1,1
Xiaomi-Redmi-4x-BLACK,0,1,1
YNG_YSD-908-BL-40,0,1,1
Yiboo-UJ801,0,1,1
Z&A_ZEES-0018,0,1,1
Z&A_ZEES-0087,0,1,1
Z&A_ZEES-0097,0,1,1
Z&A_ZEES-0122,0,1,1
Z&A_ZEES-0233,0,1,1
Z&A_ZEES-0269,0,1,1
Zia_101DA,0,1,1
Zia_AD6,0,1,1
Zia_AF3,0,1,1
Zia_EN14,0,1,1
Zia_FM12,0,1,1
Zia_FM37,0,1,1
Zia_MT20,0,1,1
Zia_ST14,0,1,1
Zia_TF3,0,1,1
Zia_hs21 to 29,0,1,1
agha_AS_LS3139_01,0,1,1
agha_AS_SOLEB94_01,0,1,1
ahp_EOS-70D-20.2-MP-Black,0,1,1
ahsaarn_BN-004,0,1,1
ajmery_TH281FA1JKAGONAFAMZ-36,0,1,1
akl-GFSU1265-L,0,1,1
american_tourister Feherlite Spinner  66Black,0,1,1
american_tourister Feherlite Spinner  77Black,0,1,1
american_tourister Rome UR  66Black,0,1,1
audionic6-954217-562568,0,1,1
audionic_6954217598857,0,1,1
audionic_Shock-2,0,1,1
aw_Auto Airco Cleaner Fresh Scent-150ml ,0,1,1
aw_CONSTRUCTION FOAM (GUN,0,1,1
aw_CONSTRUCTION FOAM-700ml,1,2,1
aw_CRC Silicone SPRAY (BEST FOR LUBRICATING THREAD MILL BELT,0,1,1
aw_Complete Fuel System Cleaner-12oz./354ml ,0,1,1
aw_DECAL and ADHESIVE REMOVER-12 oz.,0,1,1
aw_SILICONE MULTI TOOL-,0,1,1
aw_WD40 -420mlSMART STRAW,0,1,1
babyw_toy$4,0,1,1
babyw_toy$7,0,1,1
babywtoy61,0,1,1
babywtoy72,0,1,1
barico_BS001-Large,0,1,1
barico_BS003-Large,0,1,1
barico_BS0081,0,1,1
barico_BS017-,0,1,1
barico_BS018-,0,1,1
barico_BS023-,0,1,1
bio_Bio Oil-125ml,0,1,1
cc-hTC-One-A9-silver,0,1,1
cc_Huawei-Mate-9-Brown,0,1,1
cc_Samsung_Galaxy_S8_Gray,0,1,1
cc_samsung_A520-BLACK,0,1,1
cc_samsung_Grand Prime Plus-Silver,0,1,1
cj_CJPOISL,0,1,1
clickbuscollection_nwc-29-Maroon,0,1,1
clickbuscollection_nwc-29-Purple,0,1,1
clickbuscollection_nwc-30,0,1,1
clickbuscollection_nwc-32,0,1,1
clickbuscollection_nwc-36,0,1,1
cn_clc_ AS-120R,0,1,1
col qadri_9789699646027,1,2,1
coleman_3000000157,0,1,1
coleman_Blue Cooler Combo 54QT,0,1,1
coleman_Marine White Cooler 70QT,0,1,1
coolBell_CB-6605-Beige,0,1,1
corio_C 101150-45,0,1,1
corio_C 101315-42,0,1,1
corio_JC 53-45,0,1,1
cr_ALMOND PLAIN-200 GM,2,3,1
culzado_AXIS-41,0,1,1
da_Ahsan-Ul-Kalam-555 & Pair of Free Story Book,0,1,1
dany_6954217098630,0,1,1
dawlance_9122 MDS,0,1,1
dawlance_9170WB MDS,0,1,1
e-seller_15,0,1,1
edukaan_200983,0,1,1
edukaan_201314,0,1,1
edukaan_201519,0,1,1
edukaan_7013-A4 - 6 Subjects,0,1,1
edukaan_7027-A4 - 6 Subjects,0,1,1
edukaan_7034-A4 - 300 Pages,0,1,1
edukaan_7036-A4 - 300 Pages,0,1,1
edukaan_7041-A4 - 120 Pages,0,1,1
edukaan_7047-College - 300,0,1,1
edukaan_7066-A4 - 6 Subjects,0,1,1
edukaan_7083-A4 - 300 Pages,0,1,1
edukaan_7156-A4 - 6 Subjects,0,1,1
emart_0-66,0,1,1
emart_Dry Iron NI-22awt,0,1,1
emart_Magic Hose Pipe 75 Ft,0,1,1
fitn_100295,0,1,1
fitn_2730413,0,1,1
fitn_631656703269,0,1,1
fitn_696859258121,0,1,1
fitn_800450,0,1,1
fitn_834266001552,0,1,1
fitn_RU00400,0,1,1
fitn_RU00494,0,1,1
gracill_GRC-7-43,0,1,1
head_273004-UK 10,0,1,1
head_273026-UK 10,0,1,1
head_273406-UK 10,0,1,1
head_273406-UK 11,0,1,1
hijabh_0116-BD (2,0,1,1
hijabh_0120-P-827-54,0,1,1
hijabh_Jilbab-BC-872-56x,0,1,1
hop_ANKF010,0,1,1
hop_ANKM33,0,1,1
huawei_Google Nexus 6P-Silver,0,1,1
huawei_Mate 9-gold,0,1,1
huawei_Mate 9-mocjha brown,0,1,1
huawei_p10-Blue,0,1,1
iPhone7-Matte Black -32GB,0,1,1
iPhone7Plus-Matte Black-32GB,0,1,1
iPhone7Plus-Red- 128GB,0,1,1
igeek__Packof3FidgetSpinnerStressReducer,0,1,1
interwood_HA-263049-39698,0,1,1
interwood_HA-A023-38566,0,1,1
interwood_HA-AN813020-S-23559,0,1,1
interwood_HA-R-REO-39997,0,1,1
interwood_HF-01FSB-MW-15781,1,2,1
interwood_HF-01ILO-40659,1,2,1
interwood_HF-02LT-39667,0,1,1
interwood_HF-02WCR-GO-39741,0,1,1
it_Imp-luxe17-01,0,1,1
it_Imp-luxe17-07,0,1,1
jackpot_JP-176 Gold,0,1,1
jackpot_JP-50,0,1,1
jackpot_JP-959,0,1,1
jackpot_JP-997,0,1,1
jj_JLAWN-S-17-080-Rapturous,0,1,1
kke_SCF62817,0,1,1
kke_SCF66327-260-ml,0,1,1
kke_SCF690_17-A2P-global-001,0,1,1
kke_SCF69627-2,0,1,1
knc_KNC-316,0,1,1
lamart_LMZ009,0,1,1
lamart_LMZ020,0,1,1
lamart_LMZ043,0,1,1
lamart_LMZ053,0,1,1
lenovo_20EV000HUE,0,1,1
lenovo_80J2002XUE,3,4,1
liberty_9780060976255,0,1,1
liberty_9780062060242,0,1,1
liberty_9780062312716,0,1,1
liberty_9780140296495,0,1,1
liberty_9780141384658,0,1,1
liberty_9780263896732,0,1,1
liberty_9780307479402,0,1,1
liberty_9780307945464,0,1,1
liberty_9780330508780,0,1,1
liberty_9780330512459,0,1,1
liberty_9780330545181,0,1,1
liberty_9780349000152,0,1,1
liberty_9780425271582,0,1,1
liberty_9780521186315,0,1,1
liberty_9780545103718,0,1,1
liberty_9780553211894,0,1,1
liberty_9780670923540,0,1,1
liberty_9780746060414,0,1,1
liberty_9780751553338,0,1,1
liberty_9780751557558,0,1,1
liberty_9780755334513,0,1,1
liberty_9780755352944,0,1,1
liberty_9780804125987,0,1,1
liberty_9780857261663,0,1,1
liberty_9781419550034,0,1,1
liberty_9781423601883,0,1,1
liberty_9781471164934,0,1,1
liberty_9781591748328,0,1,1
liberty_9781846684470,0,1,1
liberty_9781849156004,1,2,1
liberty_9788129116970,0,1,1
liberty_9788130908786,0,1,1
liberty_9788130920184,0,1,1
liberty_9788172342395,0,1,1
liberty_9789383260911,0,1,1
liberty_Green Cardigan for Girls-6 - 7 yrs - Size 28,0,1,1
lm_FORBES MONTHLY-Subscription,0,1,1
mab_HQ-Advance,0,1,1
madela_MINI ELECTRICBREASTPUMP,0,1,1
mdeal_DMC-610-8,0,1,1
mitsubhisi_1.0 Ton - SRK-13CMK-CS,0,1,1
mitsubishi_1.5 ton SRC 18CLK-CS,0,1,1
mitsubishi_MS-F18VC-CS,1,2,1
mm_AG-09,0,1,1
mm_AG-771,0,1,1
mt_Lenovo-Wireless-Mouse-300-with-rechargeable-battery,0,1,1
nasgas_NWD-120,0,1,1
naushemian_#0034-M,0,1,1
naushemian_#0039-M,0,1,1
naushemian_#0043-S,0,1,1
naushemian_001-L,0,1,1
naushemian_0010-M,0,1,1
orient_13af4 1ton-CS,0,1,1
orient_OS-19 MF16 PG-R410a-CS,0,1,1
ottoman_KT15P102,0,1,1
oxford_9780195475494,0,1,1
oxford_9780195978216,0,1,1
oxford_9780195979602,0,1,1
oxford_9780195979947,0,1,1
oxford_9780199069194,0,1,1
oxford_9780199126668,0,1,1
oxford_9780199128181,0,1,1
oxford_9780199128204,0,1,1
oxford_9780199400270,0,1,1
palwasha_SKU011,0,1,1
paramount_9789606981470,0,1,1
paramount_9789696371465,0,1,1
paramount_9789812858894,0,1,1
phub_Quorum ,0,1,1
plk_DWI/ 952 069_71,0,1,1
plk_FWI/ 925 651_41,0,1,1
plk_FWI/ 927 822_6,0,1,1
plk_FWI/ 928 911_30,0,1,1
plk_FWI/ 947 929_48,0,1,1
plk_FWI/ 959 080_11,1,2,1
plk_FWI/ 961 284_44,0,1,1
plk_FWI/ 987 594_50,0,1,1
plk_PD/ 991 471_65,0,1,1
progressive_9780007865178,0,1,1
progressive_9780470290309,0,1,1
qzs_27360-Large,0,1,1
redspot_9789810445210,0,1,1
redspot_9789810780159,0,1,1
rehaab_RJ160051,0,1,1
rhythm_G1107S-01,0,1,1
rubian_Ultra-Slim Bluetooth Keyboard,0,1,1
samsung_A720-Black,0,1,1
samsung_G935F-Black,0,1,1
samsung_Samsung Galaxy J7 PRIME 2016-Gold,0,1,1
sanasafinaz_SS-12A,0,1,1
sanasafinaz_SS-1B,0,1,1
sanasafinaz_SS-2B,0,1,1
sanasafinaz_SS-5B,0,1,1
sanasafinaz_SS-9B,0,1,1
sapil_Sapil Chichi Women 100ML,0,1,1
seagate_SG E-1TB,2,3,1
seagate_STEA1000400-1TB,0,1,1
sehgalmotors_130175,0,1,1
sehgalmotors_189146,0,1,1
sehgalmotors_268986,0,1,1
sehgalmotors_295924,0,1,1
sehgalmotors_296111,0,1,1
sehgalmotors_4960,0,1,1
sehgalmotors_51492,0,1,1
sehgalmotors_5192,0,1,1
sehgalmotors_5317,0,1,1
sehgalmotors_6508,0,1,1
sehgalmotors_6777,0,1,1
sehgalmotors_7007,0,1,1
sehgalmotors_8153,0,1,1
sgm_KTM-Polishing-Buffer-Heavy-Duty-For-Detailing,0,1,1
shahi_BallayÃ‚Â BallayÃ‚Â Munchy MixÃ‚Â 12-75-box,0,1,1
shopfever_RA385HB1LNDBGNAFAMZ,0,1,1
shopfever_YV266HB0M2J20NAFAMZ,0,1,1
shubinak_SWS14-JAK-1017-M,0,1,1
shubinak_SWS14-JAK-1017-XS,0,1,1
shubinak_SWS14-JAK-1020-XS/S,0,1,1
sigma_11932,0,1,1
sigma_2639,0,1,1
sinbo_6901,0,1,1
sinbo_7025,0,1,1
sinbo_7033,0,1,1
sinbo_7320,0,1,1
smsm_13720,0,1,1
smsm_220240,0,1,1
smsm_371107,0,1,1
smsm_8961100500123,0,1,1
sony_DSC-W830,0,1,1
sstop_airvent_mobile_holder,0,1,1
stinnos_1323,0,1,1
stinnos_342,0,1,1
stinnos_A102,0,1,1
stinnos_A112,0,1,1
stinnos_A123,0,1,1
stoner_91381 A,0,1,1
stripyinterior_100004,0,1,1
stripyinterior_Ludo Rug,0,1,1
sukoonbundle-sukoon10-cj_CJPOISL,0,1,1
swi_LT55,0,1,1
swi_MXCTRBL,0,1,1
test-product-01,0,1,1
texi tech_Bay Mount Card Reader 100915,0,1,1
texi tech_Cooling Pad 700467,0,1,1
tfs_MDC-77-43,0,1,1
timex_SS01,0,1,1
timex_T2N695,0,1,1
timex_T2N700,0,1,1
timex_T2N779,0,1,1
timex_T2N790,0,1,1
timex_T2P044,0,1,1
timex_T2P149,0,1,1
timex_T2P183,0,1,1
timex_T2P231,1,2,1
timex_T2P391,0,1,1
timex_T2P392,0,1,1
timex_T2P449,0,1,1
timex_T2P517,0,1,1
timex_T49866,0,1,1
timex_T49961,0,1,1
timex_T49991,0,1,1
timex_TW000U907,0,1,1
timex_TW000X107,0,1,1
timex_TW2P97400,0,1,1
timex_TW4B09000,0,1,1
tmx_wtch_T49866,0,1,1
tr_Good Day (Vitality,0,1,1
tr_Pure Natural Longan Honey 1  Kg.,0,1,1
tr_Pure Natural Longan Honey 350 gm,0,1,1
tr_Pure Natural Wild Honey 1  Kg.,0,1,1
tucano_BAGIO15-GT,0,1,1
unique_p-wow-01,0,1,1
vitamin_265,1,2,1
vitamin_TVC-Ultra Slim Plus + BB Cream free,0,1,1
vitamin_TVC-Vita Growth (Buy 2 Get 1,0,1,1
vitamin_Ultra Muscle,1,2,1
vitamin_Ultra Slim  Plus Economy,2,3,1
vitamin_Vigour Maximizer Bundle,0,1,1
vitamin_Wipes ,0,1,1
vitamin_XTEND-Bundle,0,1,1
vitamin_xest,0,1,1
zaffiro_Z-P-002,0,1,1
zaffiro_Z-P-042,0,1,1
zaffiro_Z-P-059,0,1,1
zaffiro_Z-P-069,0,1,1
ziqi_ZN-456,0,1,1
ziqi_Zn-1455-BD,0,1,1
ziqi_Zn-1455-MD,0,1,1
ziqi_Zn-1455-TS,0,1,1
ziqi_Zn-808,0,1,1
AKL_A01136156-AW-02-Beige,0,2,2
AKL_A01136169-AW-06-Beige,0,2,2
AKL_A131137857-SS-01-17,0,2,2
AKL_A131137860-SS-02-17,0,2,2
ALK_FC-14-17-A131140055,0,2,2
ALK_FC-15-17-A131140056,0,2,2
ALK_FC-16-17-A131140057,0,2,2
ALK_FMNC002-131688053,0,2,2
AU_GD071-1 Year,0,2,2
AYS_18LITH11M,0,2,2
AYS_32B8500-32-Inches,0,2,2
AYS_A-C -18-LNF,0,2,2
AYS_Orient-OR-5535-IP-Refrigerator,0,2,2
Aladdin_14-Walker-W2907,0,2,2
Aladdin_15-Walker-W2908,0,2,2
Aladdin_Pair of Gold Star Rubber Coated Metal Dumbells - 2KG - S,0,2,2
AmanJee_PYB-0001,0,2,2
Audionic Max-550,0,2,2
Audionic X-BOOM 5 White,0,2,2
AudionicRex7,0,2,2
Audionic_Rb 106,0,2,2
BBS_ClimbCarRed,0,2,2
BB_Poly Beans For Beanbag Refill - 3 Kg,0,2,2
BE_Minions-TOOTHPASTE-DESPENSER,0,2,2
BO_Loom-Bands-Kit-Multicoloured,0,2,2
BO_Nicer-Dicer-Plus-Green,0,2,2
BO_Solar-LED-Rechargeable-Camping-Lantern - Yellow,0,2,2
BO_talking-parrot-1,0,2,2
BP_PS11204,0,2,2
BP_PS19985,0,2,2
BP_PS19987,0,2,2
BP_PS26930,0,2,2
BP_PS31340,0,2,2
BP_TO31971,0,2,2
Baklawa_Badam cream-1Kg,0,2,2
Baklawa_Mabrooma Pistachio-1Kg,0,2,2
Barico_723205,0,2,2
Bparcel_60W-SAFE1,0,2,2
Bundle 2 smsm_bundle02,0,2,2
CITY_Light Grey Belt Pant-Size L 42 - W 40,0,2,2
CUR_CUD-76,0,2,2
Campingaz_2000024956,0,2,2
Campingaz_2000024957,0,2,2
Charizma_CWB1,0,2,2
Ctees_CK-PK5-M,0,2,2
DR_DRPC046-11,0,2,2
Dell_Inspiron-15-3567-ci7-,0,2,2
EMJM_24101322206-40,0,2,2
EP_5500 5 KVA,0,2,2
EcoStar_65U565,0,2,2
Edenrobe_BTKS-16-3196-28,0,2,2
Edenrobe_EGTFS17-0687-9-10 Years,0,2,2
Edenrobe_LW17V1-19108,0,2,2
Edge-wc_ED-WC-031,0,2,2
FHM_DEEP RUST,0,2,2
GA_BLOSSOM T-400 - 99192,0,2,2
GA_C-468-120505,0,2,2
GA_CL-230-B-136065,0,2,2
GA_CT-186-136050,0,2,2
GA_EA-14-144984,0,2,2
GA_EA-18-144980,0,2,2
GA_FE-25-141203,0,2,2
GA_GL-06-141166,0,2,2
GA_GT-01-141173,0,2,2
GA_PM-143-136189,0,2,2
GA_PM-161-136198,0,2,2
GA_PM-162-136199,0,2,2
GA_SS-135-136179,0,2,2
GMZV_Black-4-1TB-Horizon-Zero-Dawn-Bundle,0,2,2
GMZV_Sony GTA V - PS4,0,2,2
GMZV_Switch-Console-with-2-Games,0,2,2
GMZV_Xbox One S 500GB-PAL (Without Kinect,0,2,2
Genius_KB-G265-Black,0,2,2
Google_Black-Google-Chrome-Cast,0,2,2
Gshop_GS-J31,0,2,2
HOS-W_VSBSIBEDP100,1,3,2
HOS-m_GAADGPM125,0,2,2
HOS-m_HRMTDHM100,0,2,2
HOS-m_YSLNHM100,0,2,2
HP_Printer-2132,0,2,2
HP_Scanner-M225dw,0,2,2
HP_White 2132 - DeskJet - All-in-One Printer,0,2,2
HP_White-DeskJet-3635,0,2,2
Herbo Natural_1,0,2,2
IKEA_10072256,0,2,2
IKEA_50139877,0,2,2
Ifitness_JW901,0,2,2
Ifitness_LIVEUP-INVERSION-TABLE-LS9087,0,2,2
Ifitness_T300,0,2,2
JBS_TAT-110,0,2,2
JBS_TAT-199,0,2,2
JBS_TAT-241,0,2,2
Jaza_2Sela5kg+FOC,0,2,2
KF_Butt-Salan-850gm,0,2,2
KI_2174SAKBC,0,2,2
KKUPJ-Blue-L,0,2,2
Kansai_High Heat Auto _ Whitw,0,2,2
Kansai_RustStripper,0,2,2
Kansai_Vinyl & Fabric _ Sand,0,2,2
Kashmina_KSH-WO-RD-HD,0,2,2
Kenwood_KDC-1213,0,2,2
Kenwood_KENWOOD E-SENSE 1.5 Ton,0,2,2
L&L_LLHAP786w,0,2,2
LS_815096000694,0,2,2
LS_8964000002070,0,2,2
Lenovo_Ideapad-110-ci3,0,2,2
Liberty_9780670087648,0,2,2
Life source_BE-660,0,2,2
Logitech_910-004521 ,0,2,2
MACBOOK PRO 13-INCH 2.7GHZ,3,5,2
MEGUIAR_G15812EU,0,2,2
MORG_GCS 06,0,2,2
Monocruiser_CLB Z681BR Mercedes,0,2,2
MoosaE_LD005,0,2,2
MoosaE_SR004,0,2,2
NVC_Polaroid-iS426,0,2,2
Nabila_ZEROMAKEUP-IVORY,0,2,2
"Nikon_Nikon COOLPIX L27 Compact Digital Camera - White (16.1MP,",0,2,2
Noble_Nobel-32-Inch-Black,0,2,2
Omron_MC-720-E,0,2,2
Omron_NE-C803-E,0,2,2
Origins_16W37-M,0,2,2
P&S_1241,0,2,2
PMA_9789810117238,0,2,2
PMA_9789810190965,0,2,2
PNG_pampers_10004049-Hazir,0,2,2
Pack of 2 Almond & Walnut Sohan Halwa - 2 kgs,0,2,2
Pack of 2 Sohan Almond & Cashew Halwa - 2 kgs,0,2,2
Paramount_9789670618630,0,2,2
Paramount_9789694949888,0,2,2
PlanetX_AG-9008,0,2,2
PlanetX_PX-9003,0,2,2
PlanetX_PX-9087,0,2,2
PlanetX_PX-9091,0,2,2
PlanetX_PX-9125,0,2,2
PlanetX_PX-9127,0,2,2
PlanetX_PX-9128,0,2,2
PlanetX_PX-9137,0,2,2
PlanetX_PX-9166,0,2,2
PlanetX_PX-9347,0,2,2
Q Mobile E-300,0,2,2
R&I_HGR 2.8 KVA D,0,2,2
RM_Panasonic-TH-40D310M,0,2,2
RM_Sony-KDL-50W800C,0,2,2
RS_Pack-of-three-Rehmat-e-Shereen-Coconut-Bites,0,2,2
Rajesh_Beard & Moustache Hair Trimmer,0,2,2
Rajesh_RAJ036,0,2,2
Rajesh_Red Sauna Belt Waist Trimmer,0,2,2
Relaxsit_RS-68,0,2,2
Relaxsit_RS-72,0,2,2
Relaxsit_RS-74,0,2,2
Ricoh_Black Laser SP-210,0,2,2
Ricoh_Black Laser SP-210SU (3 in 1,0,2,2
Ricoh_Monochrome Printer-SP 212w,0,2,2
Ricoh_Photo Copier MP2014AD,0,2,2
Rubian_Rubian 082,0,2,2
SCIFI_Disney Music_SC22001T3,0,2,2
SCIFI_Disney Music_SC510VMP,0,2,2
SCIFI_Hannah Montana_SC5811HT,0,2,2
SFEVER_IS380HB08VI1WNAFAMZ,0,2,2
SFEVER_MP216,0,2,2
SMSM_7622300489922,0,2,2
SNU_MHC16W104,0,2,2
SNU_MHC16W105,0,2,2
SNU_MHC16W108,0,2,2
SN_Mabroom400gm,0,2,2
SUPER ASIA_SA WCS 65-ELECTRIC WATER COOLER STEEL BODY (65 GALLON,0,2,2
SWP_3kg_1kgfree,0,2,2
Saloni_BOSSC,0,2,2
Samsung_49inchesK5300,0,2,2
Samsung_55KU7000,0,2,2
Samsung_A7-2017-Gold,0,2,2
Saylani_School-Fee-Per-Month-One-Child,0,2,2
Saylani_Vocational-Training-Per-Course,0,2,2
Shark_HB-812,0,2,2
SharpLC40LE185M,0,2,2
Sigma_52210,0,2,2
Sigma_54914,0,2,2
Silkasia_ET-457,0,2,2
Sony_48W652D,0,2,2
StPat_Belt Pant_13 - 14 yrs-Size 40/34,0,2,2
StPaul_White Shirt Half Sleeve-6.5 - 8 yrs - Size 24,0,2,2
Surmawala_Orient-OR-5535-GD-Refrigerator-Red,0,2,2
Susu Unta Camel Milk Powder 20 sachet,0,2,2
Swatch_YIS405G,0,2,2
TKS_m969-6-8 Years,0,2,2
TO_021-JOVAN MUSK WHITE,0,2,2
TO_042-HQT 906,0,2,2
TP-Link_Router-TL-WDR-3500,0,2,2
TSS_Light Green Kameez with White Shalwar-4 - 5 yrs - Size 26,0,2,2
Timex_TW2P61400,0,2,2
Tmall_SpyPen_2GB,0,2,2
Tmall_Vimax,0,2,2
Transcend_TS1TSJ25M3E,0,2,2
Transcend_TS32GSDU1,0,2,2
Trendz-TR-0385,0,2,2
Trendz_TR-0012,0,2,2
Trendz_TR-0050,0,2,2
Turk & Fillmore_Super Natural I-brown-41,0,2,2
Turk & Fillmore_Super Natural I-brown-42,0,2,2
Turk & Fillmore_Super Natural I-brown-46,0,2,2
Turk & Fillmore_Super Natural II-40,0,2,2
Turk & Fillmore_Super Natural II-41,0,2,2
Turk & Fillmore_Super Natural II-42,0,2,2
Turk & Fillmore_Super Natural II-43,0,2,2
Turk & Fillmore_Super Natural II-45,0,2,2
Turk & Fillmore_Super Natural II-46,0,2,2
VPN_VPN 103H,0,2,2
Victorinox_  TRAVELLER KIT,0,2,2
Zia_EN2,0,2,2
ahp_EOS-750D-24.2-MP-Digital-SLR-Camera-Black,0,2,2
ahp_EOS-80D-Digital-SLR-Camera-Black,0,2,2
ajwa_Ajwa Seeds Powder,0,2,2
aw_Fuel Injector Treatment & Upper Cylindrical Treatment (white,0,2,2
aw_Wheel Protectant-7oz./207ml,0,2,2
aybeez_ABZ-160-L,0,2,2
aybeez_ABZ-678-M,0,2,2
barico_BS012-,0,2,2
bogo_BogoGrand2017karachi,0,2,2
cc_Huawei-Mate-9-Grey,0,2,2
cc_Samsung_Galaxy_S8_gold,0,2,2
cc_samsung_A520-LIGHT BLUE,0,2,2
coleman_3000002276,0,2,2
coleman_Marine White Cooler 120QT,0,2,2
coleman_Red Adult Chair Quad with Cooler ,0,2,2
corio_JC 57-43,0,2,2
cr_PISTA SALTED-500 GM,4,6,2
danielk_DK10947-2-Navy,0,2,2
edukaan_200923,0,2,2
edukaan_7046-A4 - 120 Pages,0,2,2
emart_92,2,4,2
emart_Cereal Dispenser Double,0,2,2
emart_Revoflex-Xtreme,0,2,2
fitn_631656708110,0,2,2
fitn_810390023974,0,2,2
hijabh_JILBAB-C-756 (1,0,2,2
huawei_Mate-9-Black,0,2,2
iGeek_BatmanTriFidgetSpinnerToy,0,2,2
igeek_TriFidgetSpinner,0,2,2
interwood_HA-HLZ9A115-38562,0,2,2
interwood_HA-R-AGRA-39999,0,2,2
interwood_HA-R-QRION-39998,0,2,2
jackpot_JP-939,0,2,2
kke_SCF56617,0,2,2
lala_USS17-SLC-001B-1000188799871,0,2,2
lenovo_20ET000M00,1,3,2
liberty_9780099514220,0,2,2
liberty_9780143417361,0,2,2
liberty_9780600618850,0,2,2
liberty_9781101881651,0,2,2
majestic_15 Pc Cookware Set - Antique Grey,1,3,2
majestic_15 Pc Cookware Set - Beige,0,2,2
majestic_18 Pc Cookware Set - Sparkle Red,0,2,2
medinostic_7080320,0,2,2
mt_BL001161-16Oz,0,2,2
mva_Pack-of-Two-Figs-(Injeer,0,2,2
nutrifactor_NF0017,0,2,2
oppo_OPPO-F1-Plus-Gold,0,2,2
oppo_f3-plus-Gold,0,2,2
oxford_9780195477009,0,2,2
oxford_9780195479256,0,2,2
palwasha_SKU027,0,2,2
paramount_9780141373027,0,2,2
peekaboo_Batman-Black-4 Yrs,0,2,2
phub_Bright Crystal  by Versace 90ml EDT,0,2,2
plk_DWI/ 941 344_76,0,2,2
plk_FWI/ 953 620_8,0,2,2
plk_FWI/ 953 638_9,0,2,2
redspot_9810824280,0,2,2
"royal_Magnum Bracket 18""",0,2,2
s_tv_KLV-40R352C,3,5,2
samsungGALAXY J510F-2016 DS LTE-Gold,2,4,2
samsung_G935F-Gold,0,2,2
samsung_Samsung Galaxy J7 PRIME 2016-Black,0,2,2
sanasafinaz_SS-11A,0,2,2
sanasafinaz_SS-14A,0,2,2
sanasafinaz_SS-3A,0,2,2
sanasafinaz_SS_6B,0,2,2
sanaulla_NA17E 03 ,0,2,2
seagate_STDR4000300-4TB,0,2,2
sehgalmotors_295121,0,2,2
sehgalmotors_69835,0,2,2
sinbo_3325,0,2,2
sitara_LRTW09-MDM-MIX-M,0,2,2
ss_WC-017-L,0,2,2
sst_preservatif-Regular fit-Large,0,2,2
stinnos_657,0,2,2
test-product-new,0,2,2
test-product2,0,2,2
timex_T2P041,0,2,2
timex_T46681,1,3,2
tmx_wtch_ T2E581_4,0,2,2
tr_Ginseng Raw Honey Tea 440 g,0,2,2
tr_Pure Natural Raw Wild Honey 440 g.,0,2,2
tram_TT20540616,0,2,2
vital_vb_wnd 00012,0,2,2
vitamin_230,0,2,2
vitamin_Ultra Force,0,2,2
yamaha_EF12000E,0,2,2
yamaha_EF2600FW (RECOIL,0,2,2
yankee_5038580000771,0,2,2
yankee_5038580061895,0,2,2
zaffiro_Z-P-030,0,2,2
4U_Service-KA 005,0,3,3
ABT_B175,0,3,3
AKL_A01136177-AW-18-Purple,0,3,3
AKL_A131138790-SS-122-17,0,3,3
ALK_FC-03-17-A131140044,0,3,3
ALK_FC-08-17-A131140049,0,3,3
ALK_FMCS001-130161452,0,3,3
AYS_SA-250,0,3,3
Aladdin_229-RC_CAR-138-19-20,0,3,3
Atalian _BK17.01-Black-45,0,3,3
BP_SP33584,0,3,3
BP_TO21406,0,3,3
Baklawa_Baklava Cashew-1Kg,0,3,3
Baklawa_Baklava Pistachio-1Kg,0,3,3
Baklawa_Cake Rusk Per Pack 330g,0,3,3
Base_1847,0,3,3
Base_3671,0,3,3
CITY_Light Grey Elastic Pant Prep to V-10 - 11 yrs - Size 36,0,3,3
CITY_White Kameez-13 - 14 yrs - Size 38,0,3,3
Dany51234689524515284934,0,3,3
Dany71364879523146874161,0,3,3
Dawlance_Inverter30Toscana,0,3,3
Dawlance_MD 4N,0,3,3
Dell_DELL 5559-I5,0,3,3
ELF_83314,0,3,3
EP_6800 6.3 KVA,0,3,3
Entertainer Asia_Vouch 365 - 2017 Book Karachi,1,4,3
Enviro_EAC-12,0,3,3
FHM_26SANTAM LAYER TABLE,0,3,3
Fantastic_FT-42,0,3,3
GA_C-421-136160,0,3,3
GA_EA-12-144988,0,3,3
GA_FE-60-141235,0,3,3
GA_PM-139-120534,0,3,3
GA_PM-168-136203,0,3,3
GA_PM-173-136208,0,3,3
GFE_22_YonauasIcecreamMaker,0,3,3
GMZV_500GB-PS4-Slim-New-Terra,0,3,3
GMZV_PS4-1TB-Slim-Region-2,0,3,3
Geepas_GRF-6012,0,3,3
H2_MODRSBlack-Black-S,0,3,3
HAS_Remax-Navigation,0,3,3
HP_15AY-15-Ay072NIA-ci3,0,3,3
HP_450-G4-Core-i7-7500U,0,3,3
Haier_HPU-48CO3,0,3,3
Haier_HSU-12LKE,1,4,3
Homage_Black Water Dispenser - HWD-42,0,3,3
IKEA_10119206,0,3,3
InfinixNote3-2GB-Grey,0,3,3
J&J_JJ-045,0,3,3
JBS_WEN-041,0,3,3
Jaza_2Elite5kg+FOC,0,3,3
Jaza_2Premium5kg+FOC,0,3,3
KHAS_KCE-2065,0,3,3
Kenwood_KLV-1215,0,3,3
LS_8411356775894,0,3,3
LS_8961100500017,0,3,3
LS_8961100500123,0,3,3
LS_8964000006122,0,3,3
Lacie_STET2000400-2TB,0,3,3
Lala_1151004100094-SCB-09,0,3,3
Lenovo_80UD00DLAK,0,3,3
MDF 003_Pistachios Plain 250 gm,0,3,3
MORG_GCS 13,0,3,3
MVA_Deal1_ajwa,0,3,3
Nimcos_Gift-Box-Pack-of-5-Large-1000gm,0,3,3
PNG_Pampers_10003444-Hazir,0,3,3
PNG_Pampers_10003449-Hazir,2,5,3
Paramount_9781444112689,0,3,3
Paramount_9789696372516,0,3,3
PlanetX_PX-9001,0,3,3
PlanetX_PX-9064,0,3,3
PlanetX_PX-9103,0,3,3
PlanetX_PX-9153,0,3,3
PlanetX_PX-9243,0,3,3
RM_Panasonic-NA-127VB6,0,3,3
RS_Karachi Halwa Tin,0,3,3
RS_pack-of-two-Rehmat-e-Shereen-Habshi-Halwa-450g,0,3,3
Rajesh_Blue Car Emergency Tow Chain,0,3,3
Rajesh_RAJ54,1,4,3
SKMT_CT Scan,0,3,3
SNU_Su16c-3B-Green,0,3,3
SNU_Tena-Durrani-TD16W-Roseate,0,3,3
Samsung_49inchesK5100,0,3,3
Samsung_55inchesK6000,0,3,3
Samsung_60inchesKU7000,0,3,3
Samsung_A3-2017-Black,0,3,3
Samsung_Galaxy_S8_black,0,3,3
Samsung_Samsung Galaxy Camera GC100,0,3,3
Samsung_Samsung NX2000 20.3MP Smart WiFi Digital Camera,0,3,3
Samsung_Samsung NX30ZZ Smart Camera (Black,0,3,3
Saylani_Health-Contribution-Package-1,0,3,3
Sigma_3131,0,3,3
Sigma_52932,0,3,3
Surmawala_Orient-OR-6057IP-Refrigerator-Silver-Black,0,3,3
Swatch_SUBM114G,0,3,3
Telemall_MM-PC-0003,1,4,3
Telemall_MM-PC-0008,0,3,3
Timex_TI000U90100,0,3,3
Tmall_ASA336,0,3,3
Tmall_Autocool,0,3,3
Tmall_MM_Bowls_Set_Pk5_Blue,0,3,3
Transcend_TS1TSJ25M3,0,3,3
Uni-Sunsilk-deal,0,3,3
Value Shop_Yellow-Fidget-Spinner,0,3,3
Voucher 6000,0,3,3
Voucher 9000,0,3,3
Z&A_ZEES-0030,0,3,3
Zia_111,0,3,3
Zia_EN11,0,3,3
a4tech_Gaming-Bloody-Mouse-R-80,0,3,3
audionic_6954217532172,0,3,3
aw_CONSTRUCTION FOAM-500ml,0,3,3
cc_Samsung_Galaxy_S8_black,0,3,3
cc_samsung_A520-Gold,0,3,3
cc_samsung_a320-Gold,0,3,3
cr_PAN MASALA ( SWEET,0,3,3
emart_0-64,0,3,3
fitn_2730442,0,3,3
fitn_820103309653,0,3,3
gulhane_GTS-001,0,3,3
herbion_Verona X Capsules 10 s,0,3,3
iPhone7-Red-128GB,0,3,3
iPhone7Plus-Jet Black-256GB,0,3,3
iPhone7Plus-Matte Black-128GB,0,3,3
infinix_S2-Black,0,3,3
itech_Apple Macbook Air 13.3  MMG F2,0,3,3
kke_SCF69327,0,3,3
liberty_9780545377614,0,3,3
liberty_9781843322924,0,3,3
majestic_15 Pc Cookware Set - Burgandy,0,3,3
majestic_18 Pc Cookware Set - Burgandy,0,3,3
mdeal_DMC-265-11,0,3,3
nvc_HDMI UC 40 - Home Cinema Projector - White,1,4,3
plk_PD/ 988 873_60,0,3,3
redspot_9789810477189,0,3,3
samsung_51 H4500_clear,0,3,3
samsung_G935F-Blue,0,3,3
samsung_J5 Prime-Gold,0,3,3
sheraton_FMOTORS_01,0,3,3
sindbad_Sindbad Gift Card-1,0,3,3
stinnos_701,0,3,3
streets_SS-56-M,0,3,3
test-product,2,5,3
vitamin_MOMMoments Gold Delay,0,3,3
yamaha_EF2600FW (SELF,1,4,3
ALK_FC-04-17-A131140045,0,4,4
ALK_FC-07-17-A131140048,0,4,4
BBS_M008,0,4,4
BO_All-In-One Manicure Set,0,4,4
Blooming_Round Neck Tees-4-5 Years,0,4,4
Chk_ Green Chilli Pickle 300g,0,4,4
Dell_Inspiron-15-5567-ci7-4GB,0,4,4
GA_PM-137-136187,0,4,4
GA_PM-200-137350,0,4,4
Genius_GB-1500X-Black,0,4,4
HAS_1026,0,4,4
HOS-m_bvlmibm100,0,4,4
HP_HP-Laserjet-Pro-M12a,0,4,4
HP_Laser Color 277n (4-in-1,0,4,4
HP_Printer-2135,0,4,4
Haier_HSU-18LKE,1,5,4
IKEA_30242291,1,5,4
Infinix Hot 4-Black-1,0,4,4
Orient_32L4143,0,4,4
PNG_Pampers_10003451-Hazir,1,5,4
PNG_Pampers_10004047-Hazir,0,4,4
PNG_Pampers_10004048-Hazir,0,4,4
PlanetX_PX-9088,0,4,4
Q&Q_Q602J402Y,0,4,4
Relaxsit_RS-21,0,4,4
SNU_Tena-Durrani-TD16W-Kelly,0,4,4
Samsung_A3-2017-Gold,0,4,4
Samsung_Galaxy_S8_Plus_Black,0,4,4
Sigma_1689,0,4,4
Tmall_SpyPen_4GB,0,4,4
VPN_VPN 202H,0,4,4
Zia_147,0,4,4
ajwa_Ajwa Dates Powder,0,4,4
cc_Samsung_Galaxy_S8_Plus_Gold,0,4,4
emart_0-23,1,5,4
emart_0-32,0,4,4
emart_Dessini-Kitchen-Double-Grill-Pressure-Pan,0,4,4
fitn_RU00495,0,4,4
hop_ANKM005,0,4,4
hop_ANKM030,0,4,4
iPhone7- Jet Black-128GB,0,4,4
iPhone7-Red-256GB,0,4,4
nutrifactor_NF002,0,4,4
sapphire_US0541,0,4,4
sehgalmotors_67036,0,4,4
st_PX008,0,4,4
vitamin_Melatonin Sleep Formula,0,4,4
vitamin_moments-gold-delay-condom,0,4,4
AYS_32-32G6530,0,5,5
AYS_Orient-DC-Inverter-Plus-18,0,5,5
Audionic_Rb 105,0,5,5
BO_Kiss Beauty Contour Stick - Brown,0,5,5
Eco Star_32U557_561,0,5,5
EtrierW_MT21-L,0,5,5
GA_PM-152-136192,0,5,5
GA_PM-202-137349,0,5,5
GFE_TRAVEL-DINING-TRAY,0,5,5
HP_Laser MFP M426fdn (4 in 1,0,5,5
HP_MFP M435nw (A3 Blk 3 in 1,1,6,5
HP_Officejet 2130 (3-in-1,2,7,5
Haier_HSU-12-HNF,0,5,5
Jaza_Elite 1kg,0,5,5
Jaza_basmati5_free1kg,0,5,5
LS_815096000274,0,5,5
MORG_GCS 25,0,5,5
NDF_Pista Salty 500gm,0,5,5
Paramount_9789694948249,0,5,5
RB_Personal Care-bf,0,5,5
Ricoh_Black Laser SP-4510DN,0,5,5
SUPER ASIA_SA WCS 65-ELECTRIC WATER COOLER STEEL BODY (65 GALL,0,5,5
Samsung_49K6000,0,5,5
Samsung_RT39K5110SP,0,5,5
Samsung_Samsung 40 Inch J5000 Full HD LED TV,4,9,5
Samsung_Samsung Air Conditioner Digital Inverter Series,0,5,5
SanaSafinaz_SS-6A,0,5,5
Shark_CP-12,0,5,5
UNEL_Haier 42 Inch B9000,0,5,5
a4tech_Mouse-Optical-USB-OP-720,0,5,5
akl-GFSU1265-M,0,5,5
aw_AIR MAX MOISTURE ABSORBER & REFILLER-450gm,0,5,5
baklawa_Baklava Mix Chocolate Sweets 1Kg,0,5,5
cc_Samsung_Galaxy_S8_Plus_Black,0,5,5
cc_Samsung_Galaxy_S8_Plus_Gray,0,5,5
dawlance_9188 Mono,0,5,5
dawlance_DWT-150C,0,5,5
edukaan_7003-A4 - 300 Pages,0,5,5
greenroot_Clear Vision,2,7,5
kansai_Undercoating Aerosol,3,8,5
prime_T11-GR Black-XL,0,5,5
proactiv_acne_1,0,5,5
sanasafinaz_SS-5A,0,5,5
swi_MXP10,0,5,5
uni_FoodPanda,0,5,5
Al-Muhafiz-Sohan-Halwa-Almond-Pack-of-2,0,6,6
CL74_dawlance_VF-1035WB,0,6,6
FESFEducate-a-Child-for-a-Month,0,6,6
Geepas_GK6862,0,6,6
ISn 100% Whey Protein Vanilla,8,14,6
Infinix Note 3-3 GB-Gold,0,6,6
LS_8961008200927,0,6,6
PNG_Pampers_10004046-Hazir,0,6,6
PlanetX_PX-9291,0,6,6
RAF_800ml,0,6,6
SMSM_6297000027975,0,6,6
Samsung-Galaxy-S8-G955-Plus-Black,0,6,6
Samsung_S7 Edge-Gold,0,6,6
Tmaster_C D Rom,0,6,6
ahp_EOS-1300D-DSLR-Black,0,6,6
alrafa_Safri-Dates-400g,0,6,6
alrafa_kalmi-Dates-400g,0,6,6
barico_BS021-,1,7,6
emart_0-37,1,7,6
mdeal_DMC-265-10,0,6,6
qmobile_Noir J7-Gold,0,6,6
sanasafinaz_SS-3B,0,6,6
seagate_STDR2000300-2TB,0,6,6
seagate_STEA1500400-1.5TB,0,6,6
smsm_8964000002254,0,6,6
AYS_A-C-KDC-1804S2,0,7,7
AYS_CX-39U564G,0,7,7
ISN_Concentrated-Chocolate-2lbs,0,7,7
ME_3-in-1-Special-Multani-Sohan-Halwa-1kg,0,7,7
Nimcos_Spicy-Potato-Sticks-180gm,0,7,7
Omron_HEM-7120-E,0,7,7
PlanetX_PX-9161,0,7,7
Royal_Energy saver Fan 56 New Model,6,13,7
Samsung-Galaxy-S8-G950-Grey,0,7,7
Samsung_Samsung NX300 Mirrorless - Brown,0,7,7
Zia_133,0,7,7
emart_White-&-Blue-Insect-Killer,0,7,7
sanasafinaz_SS-1A,0,7,7
streets_SS-63-L,0,7,7
AYS_32-32u561,0,8,8
Entertainer Asia_Vouch 365-2017 BookLahore,0,8,8
Haier_HSU-18-HNF,0,8,8
Jaza_Basmati 1kg,0,8,8
KKZP_TSRKK70206-XS,0,8,8
LS_8961100500154,0,8,8
Nabila_ZEROMAKEUP-PEARL,0,8,8
PNG_Pampers_10003446-Hazir,0,8,8
Panasonic_40D310,0,8,8
Rajesh_RAJ001,2,10,8
Rajesh_RAJ60,0,8,8
Rubian_20-S,0,8,8
SanaSafinaz_SS-2A,0,8,8
Trendz_TR-0037,0,8,8
Uni-Lipton-deal,0,8,8
kcc_glamour deal,0,8,8
smsm_370111,0,8,8
Bundle 3 smsm_bundle03,0,9,9
ME_Double-Akhroat-Multani-Sohan-Halwa-1kg,0,9,9
PlanetX_PX-9021,0,9,9
cc_samsung_G935F-Blue,0,9,9
cr_MUZAFTI IRANI (500GM,0,9,9
BO_topfastRc-yellow,14,24,10
Infinix Note 3-2GB-Nationwide-Grey,4,14,10
Motifz_MWU01697-999-BUFF,0,10,10
Nimcos_Salty-Potato-Sticks-180gm,0,10,10
SN_deal_qalmi400gm,0,10,10
iPhone7Plus-Red-256GB,0,10,10
samsung_Grand Prime Plus-Silver,0,10,10
smsm_13854,0,10,10
GFC_Bracket Myga Metal (Special Guard,0,11,11
jj_JLAWN-S-17-068 Cool Flower,0,11,11
nabila_NGELIC FOR IVORY,14,25,11
samsung_Grand Prime Plus-Black,0,11,11
NDF_Almond American 500gm,0,12,12
SWP_500gm,0,12,12
alrafa_mabroom-Dates-400g,0,12,12
emart_0-28,0,12,12
cr_MABROOM DATES (375 GM,5,18,13
iphone_7-128GB-wof-Matt Black,5,18,13
nabila_NTICE FOR Almond,4,17,13
shoppers stop_MagicGlass-3,0,13,13
Tmall_SpyPen_8GB,0,14,14
baklawa_Baklava Mix Sweets 1Kg,1,15,14
barico_BS0074,0,14,14
iphone-7-32gb-wof-Matt Black,0,14,14
TCF_Educate-a-Child-for-a-Month,0,15,15
samsung_galaxy-s7-edge-pearl-black,0,16,16
AYS_Gree-18cith2,0,17,17
nabila_Nvite-fair-skin,0,18,18
SCIFI_SC22002PBL-Pucca,0,19,19
iphone_7-128GB-wof-Jet Black,1,20,19
SKMT_Medicine,0,20,20
MartWart_ND-001,0,21,21
PNG_Pampers_10003452-Hazir,1,22,21
RB_HPx5,0,21,21
RB_Mortein Killer Sale-bf,0,22,22
RS_Gulab jaman Tin,3,26,23
SN_ajwa400gm,0,23,23
Samsung_40K5000,0,25,25
un_Green Tea Bundle_GT,5,32,27
KureshiC_149-axe,0,28,28
nabila_Nchant FOR Olive,8,36,28
GMZV_PS4 Pro 1TB - Region 2,0,30,30
KureshiC_BLW-008-PO2,0,30,30
Paramount_9789696372639,0,30,30
RS_Nimcolia-5pack,2,32,30
IDROID_BALRX7-Jet black ,0,31,31
emart_Tyre Shape Air Compressor,8,39,31
nabila_Ngage FOR Honey,13,44,31
RAF_800mlx12,0,32,32
smsm_220124,0,32,32
RB_Veet-bf,0,34,34
SMSM_270303,0,36,36
Infinix Hot 4-Gold,3,40,37
psl_ps_Signed By Afridi-M,0,37,37
alrafa_Ajwa-Dates-400g,14,55,41
RB_Harpic Loot Sale-bf,0,44,44
Bahr-e-Shifa,0,46,46
infinix_Zero 4-Grey,6,61,55
BK1200200MS,0,72,72
RS_Nan Khatai,0,90,90
RS_Plain Rusk Pack of 3,8,108,100
SN_Muzadati-500gm,0,139,139
Jayqeu_BL-01-Red-M,0,150,150
Jayqeu_BL-01-Red-S,0,150,150
RB_HouseholdBundle,0,154,154
Darul_Sakoon_Food_Bundle,0,200,200
RS_Coconut Bites,0,300,300
IDROID_BALRX7-Gold,0,2000,2000
